"id","ten_san","dia_chi","ly_do","link_tra_cuu"
"VN_1787","Sân bóng đá Tân Thái Long","56 Y Moan Ênuôl, Tân Lợi, Đắk Lắk","Tìm được địa điểm liên quan nhưng số nhà, đường hoặc khu vực không khớp. Chưa đủ căn cứ xác định cùng sân.","https://www.google.com/maps/search/?api=1&query=S%C3%A2n%20b%C3%B3ng%20%C4%91%C3%A1%20T%C3%A2n%20Th%C3%A1i%20Long%2C%2056%20Y%20Moan%20%C3%8Anu%C3%B4l%2C%20T%C3%A2n%20L%E1%BB%A3i%2C%20%C4%90%E1%BA%AFk%20L%E1%BA%AFk&hl=vi"
"VN_1796","Sân bóng Phân hiệu ĐHTN","C2RF+93X, Vĩnh Long","Địa điểm tìm được ở Lào Cai nhưng dữ liệu sân ghi Vĩnh Long/Trà Vinh. Cần sửa và xác minh địa chỉ trước khi gán tọa độ.","https://www.google.com/maps/search/?api=1&query=S%C3%A2n%20b%C3%B3ng%20Ph%C3%A2n%20hi%E1%BB%87u%20%C4%90%E1%BA%A1i%20h%E1%BB%8Dc%20Th%C3%A1i%20Nguy%C3%AAn%20L%C3%A0o%20Cai&hl=vi"
"VN_1797","Sân bóng đá ngoại thành ","Phường 8 tp Vĩnh Long , Vĩnh Long","Tên sân tương đồng nhưng địa bàn không khớp; cần xác minh thay đổi địa chỉ hoặc đơn vị hành chính.","https://www.google.com/maps/search/?api=1&query=S%C3%A2n%20b%C3%B3ng%20Ngo%E1%BA%A1i%20Th%C3%A0nh%20Ph%C6%B0%E1%BB%9Dng%208%20V%C4%A9nh%20Long&hl=vi"
"VN_1798","Sân bóng đá cỏ nhân tạo phường Bình Minh","C2XC+8RV, Vĩnh Long","Địa điểm tìm được ở Lào Cai nhưng dữ liệu sân ghi Vĩnh Long/Trà Vinh. Cần sửa và xác minh địa chỉ trước khi gán tọa độ.","https://www.google.com/maps/search/?api=1&query=S%C3%A2n%20b%C3%B3ng%20%C4%91%C3%A1%20c%E1%BB%8F%20nh%C3%A2n%20t%E1%BA%A1o%20ph%C6%B0%E1%BB%9Dng%20B%C3%ACnh%20Minh%20L%C3%A0o%20Cai&hl=vi"
"VN_1799","Sân Bóng Chuyền Hữu Tiến","Long Phú, Vĩnh Long","Tên sân tương đồng nhưng địa bàn không khớp; cần xác minh thay đổi địa chỉ hoặc đơn vị hành chính.","https://www.google.com/maps/search/?api=1&query=S%C3%A2n%20b%C3%B3ng%20chuy%E1%BB%81n%20H%E1%BB%AFu%20Ti%E1%BA%BFn%20Long%20Ph%C3%BA%20Tam%20B%C3%ACnh&hl=vi"
"VN_1801","Sân Bóng đá Vạn Xuân Football Coffee","317 Đoàn Giỏi, Phường 3, Vĩnh Long","Tìm được địa điểm liên quan nhưng số nhà, đường hoặc khu vực không khớp. Chưa đủ căn cứ xác định cùng sân.","https://www.google.com/maps/search/?api=1&query=S%C3%A2n%20b%C3%B3ng%20V%E1%BA%A1n%20Xu%C3%A2n%20Football%20Coffee%20317%20%C4%90o%C3%A0n%20Gi%E1%BB%8Fi%20V%C4%A9nh%20Long&hl=vi"
"VN_1804","Sân Bóng Hoàng Quân - Bình Minh-Vĩnh Long","Số 139 ấp Mỹ Lợi, xã Mỹ Hòa, thị xã Bình Minh tỉnh Vĩnh Long, Vĩnh Long","Đã tra cứu nhưng chưa tìm được địa điểm có tên và địa chỉ đủ khớp để xác nhận tọa độ.","https://www.google.com/maps/search/?api=1&query=S%C3%A2n%20b%C3%B3ng%20Ho%C3%A0ng%20Qu%C3%A2n%20M%E1%BB%B9%20H%C3%B2a%20B%C3%ACnh%20Minh%20V%C4%A9nh%20Long&hl=vi"
"VN_1805","Sân Bóng Đá Nhà Thi Đấu Đa Năng Tỉnh Lào Cai","C2Q9+R9Q, Vĩnh Long","Địa điểm tìm được ở Lào Cai nhưng dữ liệu sân ghi Vĩnh Long/Trà Vinh. Cần sửa và xác minh địa chỉ trước khi gán tọa độ.","https://www.google.com/maps/search/?api=1&query=S%C3%A2n%20Bo%CC%81ng%20%C4%90a%CC%81%20Nha%CC%80%20Thi%20%C4%90%C3%A2%CC%81u%20%C4%90a%20N%C4%83ng%20Ti%CC%89nh%20La%CC%80o%20Cai%2C%20C2Q9%2BR9Q%2C%20V%C4%A9nh%20Long&hl=vi"
"VN_1806","Sân vận động tỉnh Lào Cai","C2Q9+RH4, Đường 19/5, Vĩnh Long","Địa điểm tìm được ở Lào Cai nhưng dữ liệu sân ghi Vĩnh Long/Trà Vinh. Cần sửa và xác minh địa chỉ trước khi gán tọa độ.","https://www.google.com/maps/search/?api=1&query=S%C3%A2n%20v%E1%BA%ADn%20%C4%91%E1%BB%99ng%20t%E1%BB%89nh%20L%C3%A0o%20Cai%2C%20C2Q9%2BRH4%2C%20%C4%90%C6%B0%E1%BB%9Dng%2019%2F5%2C%20V%C4%A9nh%20Long&hl=vi"
"VN_1811","Sân bóng đá mini Bassama","R4QC+G83, Phong Thạnh, Trà Vinh","Đã tra cứu nhưng chưa tìm được địa điểm có tên và địa chỉ đủ khớp để xác nhận tọa độ.","https://www.google.com/maps/search/?api=1&query=Bassama%20Phong%20Th%E1%BA%A1nh%20C%E1%BA%A7u%20K%C3%A8%20Tr%C3%A0%20Vinh&hl=vi"
"VN_1816","Sân Cỏ Nhân Tạo Duyên Hải","GX27+HHJ, Đăng Châu, Trà Vinh","Địa điểm tìm được ở Lào Cai nhưng dữ liệu sân ghi Vĩnh Long/Trà Vinh. Cần sửa và xác minh địa chỉ trước khi gán tọa độ.","https://www.google.com/maps/search/?api=1&query=S%C3%A2n%20C%E1%BB%8F%20Nh%C3%A2n%20T%E1%BA%A1o%20Duy%C3%AAn%20H%E1%BA%A3i%20L%C3%A0o%20Cai&hl=vi"
"VN_1818","Sân bóng Đại học Võ Trường Toản","Quốc lộ 1A, Tân Phú Thạnh., Hậu Giang","Chỉ tìm được khuôn viên, cơ sở liên quan hoặc địa điểm khác; chưa xác định được sân/CLB cụ thể trong đó.","https://www.google.com/maps/search/?api=1&query=S%C3%A2n%20b%C3%B3ng%20%C4%90%E1%BA%A1i%20h%E1%BB%8Dc%20V%C3%B5%20Tr%C6%B0%E1%BB%9Dng%20To%E1%BA%A3n%2C%20Qu%E1%BB%91c%20l%E1%BB%99%201A%2C%20T%C3%A2n%20Ph%C3%BA%20Th%E1%BA%A1nh.%2C%20H%E1%BA%ADu%20Giang&hl=vi"
"VN_1821","Sân Bóng Đá Trường Lái Vị Thanh","QL61C, Vị Trung, Hậu Giang","Chỉ tìm được khuôn viên, cơ sở liên quan hoặc địa điểm khác; chưa xác định được sân/CLB cụ thể trong đó.","https://www.google.com/maps/search/?api=1&query=S%C3%A2n%20B%C3%B3ng%20%C4%90%C3%A1%20Tr%C6%B0%E1%BB%9Dng%20L%C3%A1i%20V%E1%BB%8B%20Thanh%2C%20QL61C%2C%20V%E1%BB%8B%20Trung%2C%20H%E1%BA%ADu%20Giang&hl=vi"
"VN_1825","Sân bà hai","Ấp thị tứ.thị trấn  Rạch Ròi.Huyện Châu thành A.Hậu Giang, Hậu Giang","Đã tra cứu nhưng chưa tìm được địa điểm có tên và địa chỉ đủ khớp để xác nhận tọa độ.","https://www.google.com/maps/search/?api=1&query=S%C3%A2n%20b%C3%A0%20hai%20R%E1%BA%A1ch%20G%C3%B2i%20Ch%C3%A2u%20Th%C3%A0nh%20A&hl=vi"
"VN_1830","Sân bóng đá Sơn châu","J4MM+R42, Ấp 1, Sóc Trăng","Đã tra cứu nhưng chưa tìm được địa điểm có tên và địa chỉ đủ khớp để xác nhận tọa độ.","https://www.google.com/maps/search/?api=1&query=S%C3%A2n%20b%C3%B3ng%20S%C6%A1n%20Ch%C3%A2u%20S%C3%B3c%20Tr%C4%83ng&hl=vi"
"VN_1831","Sân bóng đá cỏ nhân tạo Đoàn Trang","HXGX+6FX, TT. Mỹ Xuyên, Sóc Trăng","Tên và khu vực khớp nhưng Plus Code khác dữ liệu hiện có. Cần xác minh điểm sân/cổng vào trước khi cập nhật.","https://www.google.com/maps/search/?api=1&query=S%C3%A2n%20b%C3%B3ng%20%C4%91%C3%A1%20c%E1%BB%8F%20nh%C3%A2n%20t%E1%BA%A1o%20%C4%90o%C3%A0n%20Trang%2C%20HXGX%2B6FX%2C%20TT.%20M%E1%BB%B9%20Xuy%C3%AAn%2C%20S%C3%B3c%20Tr%C4%83ng&hl=vi"
"VN_1833","Sân bóng cỏ Nghĩa Nhân","25 ấp bố liên 1, Thuận Hưng, Sóc Trăng","Đã tra cứu nhưng chưa tìm được địa điểm có tên và địa chỉ đủ khớp để xác nhận tọa độ.","https://www.google.com/maps/search/?api=1&query=S%C3%A2n%20b%C3%B3ng%20Ngh%C4%A9a%20Nh%C3%A2n%20Thu%E1%BA%ADn%20H%C6%B0ng%20S%C3%B3c%20Tr%C4%83ng&hl=vi"
"VN_1837","Sân Mini Biên","ấp Phú Giao, xã Thạnh Quới , Mỹ Xuyên , Sóc Trăng, Sóc Trăng","Đã tra cứu nhưng chưa tìm được địa điểm có tên và địa chỉ đủ khớp để xác nhận tọa độ.","https://www.google.com/maps/search/?api=1&query=S%C3%A2n%20Mini%20Bi%C3%AAn%20Th%E1%BA%A1nh%20Qu%E1%BB%9Bi%20M%E1%BB%B9%20Xuy%C3%AAn&hl=vi"
"VN_1840","Sân Bóng Đá Kế An","QWP5+3VG, Kế An, Sóc Trăng","Đã tra cứu nhưng chưa tìm được địa điểm có tên và địa chỉ đủ khớp để xác nhận tọa độ.","https://www.google.com/maps/search/?api=1&query=S%C3%A2n%20b%C3%B3ng%20%C4%91%C3%A1%20K%E1%BA%BF%20An%20K%E1%BA%BF%20S%C3%A1ch%20S%C3%B3c%20Tr%C4%83ng&hl=vi"
"VN_1842","Sân Bóng Cỏ Tự Nhiên","5F99+543, Ấp Thạnh 2, Bạc Liêu","Đã tra cứu nhưng chưa tìm được địa điểm có tên và địa chỉ đủ khớp để xác nhận tọa độ.","https://www.google.com/maps/search/?api=1&query=S%C3%A2n%20b%C3%B3ng%20c%E1%BB%8F%20t%E1%BB%B1%20nhi%C3%AAn%20%E1%BA%A4p%20Th%E1%BA%A1nh%202%20B%E1%BA%A1c%20Li%C3%AAu&hl=vi"
"VN_1845","Sân bóng chuyền Lâm Đời Nhàn Dân","57PW+8QR, Tân Phong, Bạc Liêu","Đã tra cứu nhưng chưa tìm được địa điểm có tên và địa chỉ đủ khớp để xác nhận tọa độ.","https://www.google.com/maps/search/?api=1&query=S%C3%A2n%20b%C3%B3ng%20chuy%E1%BB%81n%20L%C3%A2m%20%C4%90%E1%BB%9Di%20Nh%C3%A0n%20D%C3%A2n%20T%C3%A2n%20Phong%20B%E1%BA%A1c%20Li%C3%AAu&hl=vi"
"VN_1846","Sân bóng PHÚ THỊNH","Phong Thạnh Tây B, Bạc Liêu","Tên sân tương đồng nhưng địa bàn không khớp; cần xác minh thay đổi địa chỉ hoặc đơn vị hành chính.","https://www.google.com/maps/search/?api=1&query=S%C3%A2n%20b%C3%B3ng%20PH%C3%9A%20TH%E1%BB%8ANH%2C%20Phong%20Th%E1%BA%A1nh%20T%C3%A2y%20B%2C%20B%E1%BA%A1c%20Li%C3%AAu&hl=vi"
"VN_1847","Sân Bóng Đá Nhân Tạo Gia Bảo","CFQ5+8QX, Đường Không Tên, Bạc Liêu","Đã tra cứu nhưng chưa tìm được địa điểm có tên và địa chỉ đủ khớp để xác nhận tọa độ.","https://www.google.com/maps/search/?api=1&query=S%C3%A2n%20B%C3%B3ng%20%C4%90%C3%A1%20Nh%C3%A2n%20T%E1%BA%A1o%20Gia%20B%E1%BA%A3o%2C%20CFQ5%2B8QX%2C%20%C4%90%C6%B0%E1%BB%9Dng%20Kh%C3%B4ng%20T%C3%AAn%2C%20B%E1%BA%A1c%20Li%C3%AAu&hl=vi"
"VN_1852","Sân bóng chuyền LÂM NGUYÊN","98 ấp năm căn, Hưng Thành, Bạc Liêu","Đã tra cứu nhưng chưa tìm được địa điểm có tên và địa chỉ đủ khớp để xác nhận tọa độ.","https://www.google.com/maps/search/?api=1&query=S%C3%A2n%20b%C3%B3ng%20chuy%E1%BB%81n%20L%C3%82M%20NGUY%C3%8AN%2C%2098%20%E1%BA%A5p%20n%C4%83m%20c%C4%83n%2C%20H%C6%B0ng%20Th%C3%A0nh%2C%20B%E1%BA%A1c%20Li%C3%AAu&hl=vi"
"VN_1853","Sân Bóng Chuyền Huy Khánh - Guppy Farm","Kinh 5000 Ấp 8B, Phong Thạnh Tây A, Bạc Liêu","Đã tra cứu nhưng chưa tìm được địa điểm có tên và địa chỉ đủ khớp để xác nhận tọa độ.","https://www.google.com/maps/search/?api=1&query=S%C3%A2n%20B%C3%B3ng%20Chuy%E1%BB%81n%20Huy%20Kh%C3%A1nh%20-%20Guppy%20Farm%2C%20Kinh%205000%20%E1%BA%A4p%208B%2C%20Phong%20Th%E1%BA%A1nh%20T%C3%A2y%20A%2C%20B%E1%BA%A1c%20Li%C3%AAu&hl=vi"
"VN_1854","Trung Tâm Thiên Phú Sporst","8PX8+XQP, TT. Châu Hưng, Bạc Liêu","Tên và khu vực khớp nhưng Plus Code khác dữ liệu hiện có. Cần xác minh điểm sân/cổng vào trước khi cập nhật.","https://www.google.com/maps/search/?api=1&query=Trung%20T%C3%A2m%20Thi%C3%AAn%20Ph%C3%BA%20Sporst%2C%208PX8%2BXQP%2C%20TT.%20Ch%C3%A2u%20H%C6%B0ng%2C%20B%E1%BA%A1c%20Li%C3%AAu&hl=vi"
"VN_1856","Sân Bóng Đá KIM Y","Unnamed Road, Bạc Liêu","Đã tra cứu nhưng chưa tìm được địa điểm có tên và địa chỉ đủ khớp để xác nhận tọa độ.","https://www.google.com/maps/search/?api=1&query=S%C3%A2n%20B%C3%B3ng%20%C4%90%C3%A1%20KIM%20Y%2C%20Unnamed%20Road%2C%20B%E1%BA%A1c%20Li%C3%AAu&hl=vi"
"VN_1857","Sân bóng chuyền Kha Ly","6CJG+Q3R, QL1A, Hộ Phòng, Bạc Liêu","Đã tra cứu nhưng chưa tìm được địa điểm có tên và địa chỉ đủ khớp để xác nhận tọa độ.","https://www.google.com/maps/search/?api=1&query=S%C3%A2n%20b%C3%B3ng%20chuy%E1%BB%81n%20Kha%20Ly%2C%206CJG%2BQ3R%2C%20QL1A%2C%20H%E1%BB%99%20Ph%C3%B2ng%2C%20B%E1%BA%A1c%20Li%C3%AAu&hl=vi"
"VN_1859","CLB Bóng Bàn Duy Hưng","Tầng 3 TTTM The Garden, Đường Mễ Trì, Mỹ Đình 1, Nam Từ Liêm, Hà Nội","Chỉ tìm được khuôn viên, cơ sở liên quan hoặc địa điểm khác; chưa xác định được sân/CLB cụ thể trong đó.","https://www.google.com/maps/search/?api=1&query=CLB%20B%C3%B3ng%20B%C3%A0n%20Duy%20H%C6%B0ng%2C%20T%E1%BA%A7ng%203%20TTTM%20The%20Garden%2C%20%C4%90%C6%B0%E1%BB%9Dng%20M%E1%BB%85%20Tr%C3%AC%2C%20M%E1%BB%B9%20%C4%90%C3%ACnh%201%2C%20Nam%20T%E1%BB%AB%20Li%C3%AAm%2C%20H%C3%A0%20N%E1%BB%99i&hl=vi"
"VN_1861","CLB Bóng Bàn Bách Khoa","Ký túc xá ĐH Bách Khoa, Tạ Quang Bửu, Bách Khoa, Hai Bà Trưng, Hà Nội","Chỉ tìm được khuôn viên, cơ sở liên quan hoặc địa điểm khác; chưa xác định được sân/CLB cụ thể trong đó.","https://www.google.com/maps/search/?api=1&query=CLB%20B%C3%B3ng%20B%C3%A0n%20B%C3%A1ch%20Khoa%2C%20K%C3%BD%20t%C3%BAc%20x%C3%A1%20%C4%90H%20B%C3%A1ch%20Khoa%2C%20T%E1%BA%A1%20Quang%20B%E1%BB%ADu%2C%20B%C3%A1ch%20Khoa%2C%20Hai%20B%C3%A0%20Tr%C6%B0ng%2C%20H%C3%A0%20N%E1%BB%99i&hl=vi"
"VN_1862","CLB Bóng Bàn Dũng Cửu","Nhà tập bóng bàn - Trường Cao đẳng Du lịch Hà Nội, 236 Hoàng Quốc Việt, Cầu Giấy, Hà Nội","Chỉ tìm được khuôn viên, cơ sở liên quan hoặc địa điểm khác; chưa xác định được sân/CLB cụ thể trong đó.","https://www.google.com/maps/search/?api=1&query=CLB%20B%C3%B3ng%20B%C3%A0n%20D%C5%A9ng%20C%E1%BB%ADu%2C%20Nh%C3%A0%20t%E1%BA%ADp%20b%C3%B3ng%20b%C3%A0n%20-%20Tr%C6%B0%E1%BB%9Dng%20Cao%20%C4%91%E1%BA%B3ng%20Du%20l%E1%BB%8Bch%20H%C3%A0%20N%E1%BB%99i%2C%20236%20Ho%C3%A0ng%20Qu%E1%BB%91c%20Vi%E1%BB%87t%2C%20C%E1%BA%A7u%20Gi%E1%BA%A5y%2C%20H%C3%A0%20N%E1%BB%99i&hl=vi"
"VN_1863","CLB Bóng Bàn Hoàng Sâm","Số 1 ngõ 49 Hoàng Sâm, Nghĩa Đô, Cầu Giấy, Hà Nội","Đã tra cứu nhưng chưa tìm được địa điểm có tên và địa chỉ đủ khớp để xác nhận tọa độ.","https://www.google.com/maps/search/?api=1&query=CLB%20B%C3%B3ng%20B%C3%A0n%20Ho%C3%A0ng%20S%C3%A2m%2C%20S%E1%BB%91%201%20ng%C3%B5%2049%20Ho%C3%A0ng%20S%C3%A2m%2C%20Ngh%C4%A9a%20%C4%90%C3%B4%2C%20C%E1%BA%A7u%20Gi%E1%BA%A5y%2C%20H%C3%A0%20N%E1%BB%99i&hl=vi"
"VN_1864","CLB Bóng Bàn Hỏa Châu","101 Đại Cồ Việt, Lê Đại Hành, Hai Bà Trưng, Hà Nội","Tìm được địa điểm liên quan nhưng số nhà, đường hoặc khu vực không khớp. Chưa đủ căn cứ xác định cùng sân.","https://www.google.com/maps/search/?api=1&query=CLB%20B%C3%B3ng%20B%C3%A0n%20H%E1%BB%8Fa%20Ch%C3%A2u%2C%20101%20%C4%90%E1%BA%A1i%20C%E1%BB%93%20Vi%E1%BB%87t%2C%20L%C3%AA%20%C4%90%E1%BA%A1i%20H%C3%A0nh%2C%20Hai%20B%C3%A0%20Tr%C6%B0ng%2C%20H%C3%A0%20N%E1%BB%99i&hl=vi"
"VN_1865","CLB Bóng Bàn Khăn Quàng Đỏ","Số 94 ngõ 189 Hoàng Hoa Thám, Ngọc Hà, Ba Đình, Hà Nội","Chỉ tìm được khuôn viên, cơ sở liên quan hoặc địa điểm khác; chưa xác định được sân/CLB cụ thể trong đó.","https://www.google.com/maps/search/?api=1&query=CLB%20B%C3%B3ng%20B%C3%A0n%20Kh%C4%83n%20Qu%C3%A0ng%20%C4%90%E1%BB%8F%2C%20S%E1%BB%91%2094%20ng%C3%B5%20189%20Ho%C3%A0ng%20Hoa%20Th%C3%A1m%2C%20Ng%E1%BB%8Dc%20H%C3%A0%2C%20Ba%20%C4%90%C3%ACnh%2C%20H%C3%A0%20N%E1%BB%99i&hl=vi"
"VN_1866","CLB Bóng Bàn Hùng Cường","Số 36 Nguyễn Viết Xuân, Khương Mai, Thanh Xuân, Hà Nội","Đã tra cứu nhưng chưa tìm được địa điểm có tên và địa chỉ đủ khớp để xác nhận tọa độ.","https://www.google.com/maps/search/?api=1&query=CLB%20B%C3%B3ng%20B%C3%A0n%20H%C3%B9ng%20C%C6%B0%E1%BB%9Dng%2C%20S%E1%BB%91%2036%20Nguy%E1%BB%85n%20Vi%E1%BA%BFt%20Xu%C3%A2n%2C%20Kh%C6%B0%C6%A1ng%20Mai%2C%20Thanh%20Xu%C3%A2n%2C%20H%C3%A0%20N%E1%BB%99i&hl=vi"
"VN_1868","CLB Bóng Bàn Nhà Thi Đấu Phú Thọ","219 Lý Thường Kiệt, Phường 15, Quận 11, TP. Hồ Chí Minh","Tìm được địa điểm liên quan nhưng số nhà, đường hoặc khu vực không khớp. Chưa đủ căn cứ xác định cùng sân.","https://www.google.com/maps/search/?api=1&query=CLB%20B%C3%B3ng%20B%C3%A0n%20Nh%C3%A0%20Thi%20%C4%90%E1%BA%A5u%20Ph%C3%BA%20Th%E1%BB%8D%2C%20219%20L%C3%BD%20Th%C6%B0%E1%BB%9Dng%20Ki%E1%BB%87t%2C%20Ph%C6%B0%E1%BB%9Dng%2015%2C%20Qu%E1%BA%ADn%2011%2C%20TP.%20H%E1%BB%93%20Ch%C3%AD%20Minh&hl=vi"
"VN_1870","CLB Bóng Bàn Công Viên Lê Thị Riêng","875 Cách Mạng Tháng 8, Phường 15, Quận 10, TP. Hồ Chí Minh","Chỉ tìm được khuôn viên, cơ sở liên quan hoặc địa điểm khác; chưa xác định được sân/CLB cụ thể trong đó.","https://www.google.com/maps/search/?api=1&query=CLB%20B%C3%B3ng%20B%C3%A0n%20C%C3%B4ng%20Vi%C3%AAn%20L%C3%AA%20Th%E1%BB%8B%20Ri%C3%AAng%2C%20875%20C%C3%A1ch%20M%E1%BA%A1ng%20Th%C3%A1ng%208%2C%20Ph%C6%B0%E1%BB%9Dng%2015%2C%20Qu%E1%BA%ADn%2010%2C%20TP.%20H%E1%BB%93%20Ch%C3%AD%20Minh&hl=vi"
"VN_1873","CLB Bóng Bàn Phan Châu Trinh Đà Nẵng","154 Lê Lợi, Phường Hải Châu 1, Hải Châu, Đà Nẵng","Tìm được địa điểm liên quan nhưng số nhà, đường hoặc khu vực không khớp. Chưa đủ căn cứ xác định cùng sân.","https://www.google.com/maps/search/?api=1&query=CLB%20B%C3%B3ng%20B%C3%A0n%20Phan%20Ch%C3%A2u%20Trinh%20%C4%90%C3%A0%20N%E1%BA%B5ng%2C%20154%20L%C3%AA%20L%E1%BB%A3i%2C%20Ph%C6%B0%E1%BB%9Dng%20H%E1%BA%A3i%20Ch%C3%A2u%201%2C%20H%E1%BA%A3i%20Ch%C3%A2u%2C%20%C4%90%C3%A0%20N%E1%BA%B5ng&hl=vi"
"VN_1876","CLB Bóng Bàn Trung Tâm TDTT Cần Thơ","Đại lộ Lê Lợi, Cái Khế, Ninh Kiều, Cần Thơ","Đã tra cứu nhưng chưa tìm được địa điểm có tên và địa chỉ đủ khớp để xác nhận tọa độ.","https://www.google.com/maps/search/?api=1&query=CLB%20B%C3%B3ng%20B%C3%A0n%20Trung%20T%C3%A2m%20TDTT%20C%E1%BA%A7n%20Th%C6%A1%2C%20%C4%90%E1%BA%A1i%20l%E1%BB%99%20L%C3%AA%20L%E1%BB%A3i%2C%20C%C3%A1i%20Kh%E1%BA%BF%2C%20Ninh%20Ki%E1%BB%81u%2C%20C%E1%BA%A7n%20Th%C6%A1&hl=vi"
"VN_1877","CLB Bóng Bàn Thành Phố Mới Bình Dương","Trung tâm Văn hóa Thể thao Tỉnh, Đường Huỳnh Thúc Kháng, Hòa Phú, Thủ Dầu Một, Bình Dương","Tìm được địa điểm liên quan nhưng số nhà, đường hoặc khu vực không khớp. Chưa đủ căn cứ xác định cùng sân.","https://www.google.com/maps/search/?api=1&query=CLB%20B%C3%B3ng%20B%C3%A0n%20Th%C3%A0nh%20Ph%E1%BB%91%20M%E1%BB%9Bi%20B%C3%ACnh%20D%C6%B0%C6%A1ng%2C%20Trung%20t%C3%A2m%20V%C4%83n%20h%C3%B3a%20Th%E1%BB%83%20thao%20T%E1%BB%89nh%2C%20%C4%90%C6%B0%E1%BB%9Dng%20Hu%E1%BB%B3nh%20Th%C3%BAc%20Kh%C3%A1ng%2C%20H%C3%B2a%20Ph%C3%BA%2C%20Th%E1%BB%A7%20D%E1%BA%A7u%20M%E1%BB%99t%2C%20B%C3%ACnh%20D%C6%B0%C6%A1ng&hl=vi"
"VN_1878","Homeground Basketball Arena","Ngõ 264 Âu Cơ, Nhật Tân, Tây Hồ, Hà Nội","Tìm được địa điểm liên quan nhưng số nhà, đường hoặc khu vực không khớp. Chưa đủ căn cứ xác định cùng sân.","https://www.google.com/maps/search/?api=1&query=Homeground%20Basketball%20Arena%2C%20Ng%C3%B5%20264%20%C3%82u%20C%C6%A1%2C%20Nh%E1%BA%ADt%20T%C3%A2n%2C%20T%C3%A2y%20H%E1%BB%93%2C%20H%C3%A0%20N%E1%BB%99i&hl=vi"
"VN_1881","Sân Bóng Rổ PKKQ Arena (Phòng Không Không Quân)","166 Hoàng Văn Thái, Khương Trung, Thanh Xuân, Hà Nội","Tìm được địa điểm liên quan nhưng số nhà, đường hoặc khu vực không khớp. Chưa đủ căn cứ xác định cùng sân.","https://www.google.com/maps/search/?api=1&query=S%C3%A2n%20B%C3%B3ng%20R%E1%BB%95%20PKKQ%20Arena%20(Ph%C3%B2ng%20Kh%C3%B4ng%20Kh%C3%B4ng%20Qu%C3%A2n)%2C%20166%20Ho%C3%A0ng%20V%C4%83n%20Th%C3%A1i%2C%20Kh%C6%B0%C6%A1ng%20Trung%2C%20Thanh%20Xu%C3%A2n%2C%20H%C3%A0%20N%E1%BB%99i&hl=vi"
"VN_1885","ASA Basketball Arena Long Biên","TTTM Savico Megamall, Số 7-9 Nguyễn Văn Linh, Gia Thụy, Long Biên, Hà Nội","Chỉ tìm được khuôn viên, cơ sở liên quan hoặc địa điểm khác; chưa xác định được sân/CLB cụ thể trong đó.","https://www.google.com/maps/search/?api=1&query=ASA%20Basketball%20Arena%20Long%20Bi%C3%AAn%2C%20TTTM%20Savico%20Megamall%2C%20S%E1%BB%91%207-9%20Nguy%E1%BB%85n%20V%C4%83n%20Linh%2C%20Gia%20Th%E1%BB%A5y%2C%20Long%20Bi%C3%AAn%2C%20H%C3%A0%20N%E1%BB%99i&hl=vi"
"VN_1886","SSA Arena - Saigon Sports Academy","28 Thảo Điền, Thảo Điền, TP. Thủ Đức, TP. Hồ Chí Minh","Tìm được địa điểm liên quan nhưng số nhà, đường hoặc khu vực không khớp. Chưa đủ căn cứ xác định cùng sân.","https://www.google.com/maps/search/?api=1&query=SSA%20Arena%20-%20Saigon%20Sports%20Academy%2C%2028%20Th%E1%BA%A3o%20%C4%90i%E1%BB%81n%2C%20Th%E1%BA%A3o%20%C4%90i%E1%BB%81n%2C%20TP.%20Th%E1%BB%A7%20%C4%90%E1%BB%A9c%2C%20TP.%20H%E1%BB%93%20Ch%C3%AD%20Minh&hl=vi"
"VN_1890","Sân Bóng Rổ B7 Basketball Arena","Đường D2, Phường Tăng Nhơn Phú A, TP. Thủ Đức, TP. Hồ Chí Minh","Đã tra cứu nhưng chưa tìm được địa điểm có tên và địa chỉ đủ khớp để xác nhận tọa độ.","https://www.google.com/maps/search/?api=1&query=S%C3%A2n%20B%C3%B3ng%20R%E1%BB%95%20B7%20Basketball%20Arena%2C%20%C4%90%C6%B0%E1%BB%9Dng%20D2%2C%20Ph%C6%B0%E1%BB%9Dng%20T%C4%83ng%20Nh%C6%A1n%20Ph%C3%BA%20A%2C%20TP.%20Th%E1%BB%A7%20%C4%90%E1%BB%A9c%2C%20TP.%20H%E1%BB%93%20Ch%C3%AD%20Minh&hl=vi"
"VN_1895","Sân Bóng Rổ Nhà Thi Đấu Lạch Tray","17 Lạch Tray, Lạch Tray, Ngô Quyền, Hải Phòng","Tìm được địa điểm liên quan nhưng số nhà, đường hoặc khu vực không khớp. Chưa đủ căn cứ xác định cùng sân.","https://www.google.com/maps/search/?api=1&query=S%C3%A2n%20B%C3%B3ng%20R%E1%BB%95%20Nh%C3%A0%20Thi%20%C4%90%E1%BA%A5u%20L%E1%BA%A1ch%20Tray%2C%2017%20L%E1%BA%A1ch%20Tray%2C%20L%E1%BA%A1ch%20Tray%2C%20Ng%C3%B4%20Quy%E1%BB%81n%2C%20H%E1%BA%A3i%20Ph%C3%B2ng&hl=vi"
"VN_1897","Sân Bóng Rổ Trung Tâm TDTT Tỉnh Bình Dương","Số 1 Đường 30 Tháng 4, Phú Hòa, Thủ Dầu Một, Bình Dương","Tìm được địa điểm liên quan nhưng số nhà, đường hoặc khu vực không khớp. Chưa đủ căn cứ xác định cùng sân.","https://www.google.com/maps/search/?api=1&query=S%C3%A2n%20B%C3%B3ng%20R%E1%BB%95%20Trung%20T%C3%A2m%20TDTT%20T%E1%BB%89nh%20B%C3%ACnh%20D%C6%B0%C6%A1ng%2C%20S%E1%BB%91%201%20%C4%90%C6%B0%E1%BB%9Dng%2030%20Th%C3%A1ng%204%2C%20Ph%C3%BA%20H%C3%B2a%2C%20Th%E1%BB%A7%20D%E1%BA%A7u%20M%E1%BB%99t%2C%20B%C3%ACnh%20D%C6%B0%C6%A1ng&hl=vi"
"VN_1907","Sân Bóng Chuyền Khu Đô Thị ĐHQG TP.HCM","Khu đô thị ĐHQG TP.HCM, Linh Trung, TP. Thủ Đức, TP. Hồ Chí Minh","Chỉ tìm được khuôn viên, cơ sở liên quan hoặc địa điểm khác; chưa xác định được sân/CLB cụ thể trong đó.","https://www.google.com/maps/search/?api=1&query=S%C3%A2n%20B%C3%B3ng%20Chuy%E1%BB%81n%20Khu%20%C4%90%C3%B4%20Th%E1%BB%8B%20%C4%90HQG%20TP.HCM%2C%20Khu%20%C4%91%C3%B4%20th%E1%BB%8B%20%C4%90HQG%20TP.HCM%2C%20Linh%20Trung%2C%20TP.%20Th%E1%BB%A7%20%C4%90%E1%BB%A9c%2C%20TP.%20H%E1%BB%93%20Ch%C3%AD%20Minh&hl=vi"
"VN_1908","Sân Bóng Chuyền Bãi Biển Mỹ Khê Đà Nẵng","Bãi biển Mỹ Khê, Đường Võ Nguyên Giáp, Phước Mỹ, Sơn Trà, Đà Nẵng","Tìm được địa điểm liên quan nhưng số nhà, đường hoặc khu vực không khớp. Chưa đủ căn cứ xác định cùng sân.","https://www.google.com/maps/search/?api=1&query=S%C3%A2n%20B%C3%B3ng%20Chuy%E1%BB%81n%20B%C3%A3i%20Bi%E1%BB%83n%20M%E1%BB%B9%20Kh%C3%AA%20%C4%90%C3%A0%20N%E1%BA%B5ng%2C%20B%C3%A3i%20bi%E1%BB%83n%20M%E1%BB%B9%20Kh%C3%AA%2C%20%C4%90%C6%B0%E1%BB%9Dng%20V%C3%B5%20Nguy%C3%AAn%20Gi%C3%A1p%2C%20Ph%C6%B0%E1%BB%9Bc%20M%E1%BB%B9%2C%20S%C6%A1n%20Tr%C3%A0%2C%20%C4%90%C3%A0%20N%E1%BA%B5ng&hl=vi"
"VN_1910","Sân Bóng Chuyền Bãi Biển Công Viên Trần Phú Nha Trang","Công viên Bờ Biển Trần Phú, Lộc Thọ, TP. Nha Trang, Khánh Hòa","Có nhiều địa điểm bóng chuyền dọc bãi biển; một CLB được báo đóng cửa. Chưa xác định được sân tương ứng.","https://www.google.com/maps/search/?api=1&query=S%C3%A2n%20B%C3%B3ng%20Chuy%E1%BB%81n%20B%C3%A3i%20Bi%E1%BB%83n%20C%C3%B4ng%20Vi%C3%AAn%20Tr%E1%BA%A7n%20Ph%C3%BA%20Nha%20Trang%2C%20C%C3%B4ng%20vi%C3%AAn%20B%E1%BB%9D%20Bi%E1%BB%83n%20Tr%E1%BA%A7n%20Ph%C3%BA%2C%20L%E1%BB%99c%20Th%E1%BB%8D%2C%20TP.%20Nha%20Trang%2C%20Kh%C3%A1nh%20H%C3%B2a&hl=vi"
"VN_1911","Sân Bóng Chuyền Bãi Sau Vũng Tàu","Bãi Sau Thùy Vân, Phường Thắng Tam, TP. Vũng Tàu, Bà Rịa - Vũng Tàu","Chỉ tìm được khuôn viên, cơ sở liên quan hoặc địa điểm khác; chưa xác định được sân/CLB cụ thể trong đó.","https://www.google.com/maps/search/?api=1&query=S%C3%A2n%20B%C3%B3ng%20Chuy%E1%BB%81n%20B%C3%A3i%20Sau%20V%C5%A9ng%20T%C3%A0u%2C%20B%C3%A3i%20Sau%20Th%C3%B9y%20V%C3%A2n%2C%20Ph%C6%B0%E1%BB%9Dng%20Th%E1%BA%AFng%20Tam%2C%20TP.%20V%C5%A9ng%20T%C3%A0u%2C%20B%C3%A0%20R%E1%BB%8Ba%20-%20V%C5%A9ng%20T%C3%A0u&hl=vi"
