"id","ten_san","lat","lng","ten_tren_ban_do","dia_chi_nguon","nguon","ghi_chu"
"VN_1783","Sân bóng đá C1","12.6727133","108.0364007","Sân bóng đá C1","Địa chỉ: 1B Y Ngông, Buôn Ma Thuột, Đắk Lắk, Việt Nam ","https://www.google.com/maps/place/S%C3%A2n+b%C3%B3ng+%C4%91%C3%A1+C1/@12.6727133,108.0364007,17z/data=!3m1!4b1!4m6!3m5!1s0x31721d84be78fed1:0x85069d3eb6df5c16!8m2!3d12.6727133!4d108.0364007!16s%2Fg%2F11h6g4r5g2?hl=vi&entry=ttu&g_ep=EgoyMDI2MDkzMC4wIKXMDSoASAFQAw%3D%3D","Matched venue name and street address or exact Plus Code; administrative labels may differ."
"VN_1786","sân cỏ nhân tạo","12.6825671","108.0776812","Sân cỏ nhân tạo Hoàng Nam","Địa chỉ: M3MH+23F, Tân Lập, Đắk Lắk, Việt Nam ","https://www.google.com/maps/place/S%C3%A2n+c%E1%BB%8F+nh%C3%A2n+t%E1%BA%A1o+Ho%C3%A0ng+Nam/@12.6825671,108.0776812,17z/data=!3m1!4b1!4m6!3m5!1s0x3171f792a711ffd1:0x63553a325878a94e!8m2!3d12.6825671!4d108.0776812!16s%2Fg%2F11swmdhdcb?hl=vi&entry=ttu&g_ep=EgoyMDI2MDkzMC4wIKXMDSoASAFQAw%3D%3D","Matched venue name and street address or exact Plus Code; administrative labels may differ."
"VN_1789","HĐ Sport","12.8021561","108.4512288","Sân Bóng Hùng Đoan Sport","Địa chỉ: 110 Trần Hưng Đạo, Ea Kar, Đắk Lắk 630000, Việt Nam ","https://www.google.com/maps/place/S%C3%A2n+B%C3%B3ng+H%C3%B9ng+%C4%90oan+Sport/@12.8021561,108.4512288,17z/data=!3m1!4b1!4m6!3m5!1s0x3171df3ac4e71233:0x975ea0d7fcfad7db!8m2!3d12.8021561!4d108.4512288!16s%2Fg%2F11tckplf8p?hl=vi&entry=ttu&g_ep=EgoyMDI2MDkzMC4wIKXMDSoASAFQAw%3D%3D","HD Sport expanded to Hung Doan Sport; exact 110 Tran Hung Dao, Ea Kar address matches."
"VN_1790","Sân Bóng Đá Mini Cỏ Nhân Tạo Tiến Thy","12.6012681","107.9950137","Sân Bóng Đá Mini Cỏ Nhân Tạo Tiến Thy","Địa chỉ: JX2W+G22, ĐT682, Hòa Phú, Đắk Lắk, Việt Nam ","https://www.google.com/maps/place/S%C3%A2n+B%C3%B3ng+%C4%90%C3%A1+Mini+C%E1%BB%8F+Nh%C3%A2n+T%E1%BA%A1o+Ti%E1%BA%BFn+Thy/@12.6012681,107.9950137,17z/data=!3m1!4b1!4m6!3m5!1s0x31721ef95e98ad5b:0xc98afcadbecd323c!8m2!3d12.6012681!4d107.9950137!16s%2Fg%2F11q1j4w_1w?hl=vi&entry=ttu&g_ep=EgoyMDI2MDkzMC4wIKXMDSoASAFQAw%3D%3D","Matched venue name and street address or exact Plus Code; administrative labels may differ."
"VN_1791","Sân Vận Động Buôn Ma Thuột","12.6777897","108.0425639","Sân Vận Động Buôn Ma Thuột","Địa chỉ: 2 Nguyễn Công Trứ, Buôn Ma Thuột, Đắk Lắk, Việt Nam ","https://www.google.com/maps/place/S%C3%A2n+V%E1%BA%ADn+%C4%90%E1%BB%99ng+Bu%C3%B4n+Ma+Thu%E1%BB%99t/@12.6777897,108.0425639,17z/data=!3m1!4b1!4m6!3m5!1s0x31721d818ee5b055:0x729cbaf43bedfbda!8m2!3d12.6777897!4d108.0425639!16s%2Fg%2F11g6b31qw9?hl=vi&entry=ttu&g_ep=EgoyMDI2MDkzMC4wIKXMDSoASAFQAw%3D%3D","Matched venue name and street address or exact Plus Code; administrative labels may differ."
"VN_1792","Sân bóng chuyển Cù Chính Lan","12.6684798","108.0425371","Sân bóng chuyển Cù Chính Lan","Địa chỉ: 14/2 Cù Chính Lan, Buôn Ma Thuột, Đắk Lắk, Việt Nam ","https://www.google.com/maps/place/S%C3%A2n+b%C3%B3ng+chuy%E1%BB%83n+C%C3%B9+Ch%C3%ADnh+Lan/@12.6684798,108.0425371,17z/data=!3m1!4b1!4m6!3m5!1s0x31721d5c93bada85:0xdcf581cb9d455653!8m2!3d12.6684798!4d108.0425371!16s%2Fg%2F11ng78vf8_?hl=vi&entry=ttu&g_ep=EgoyMDI2MDkzMC4wIKXMDSoASAFQAw%3D%3D","Matched venue name and street address or exact Plus Code; administrative labels may differ."
"VN_1793","Sân bóng Hải Nguyên","12.5827194","107.894861","Sân bóng Hải Nguyên","Địa chỉ: 87b Hùng Vương, Cư Jút, Lâm Đồng, Việt Nam ","https://www.google.com/maps/place/S%C3%A2n+b%C3%B3ng+H%E1%BA%A3i+Nguy%C3%AAn/@12.5827194,107.894861,17z/data=!3m1!4b1!4m6!3m5!1s0x3172193716ceb61d:0x5195acc7cee8bddd!8m2!3d12.5827194!4d107.894861!16s%2Fg%2F11sdnq7nzc?hl=vi&entry=ttu&g_ep=EgoyMDI2MDkzMC4wIKXMDSoASAFQAw%3D%3D","Venue name and street/locality match; source records current administrative names."
"VN_1794","Sân Bóng FIFA","12.1568312","107.8716339","Sân Bóng FIFA","Địa chỉ: Quảng Sơn, Lâm Đồng, Việt Nam ","https://www.google.com/maps/place/S%C3%A2n+B%C3%B3ng+FIFA/@12.1568312,107.8716339,17z/data=!3m1!4b1!4m6!3m5!1s0x3173d30d2e77d311:0x21082132aefeb06!8m2!3d12.1568312!4d107.8716339!16s%2Fg%2F11mmpdqlgr?hl=vi&entry=ttu&g_ep=EgoyMDI2MDkzMC4wIKXMDSoASAFQAw%3D%3D","Venue name and street/locality match; source records current administrative names."
"VN_1795","Sân Bóng Vũ Phong","10.2740476","106.0047761","Sân Bóng Vũ Phong","Địa chỉ: 72F3+JW6, Bình Hòa 1, An Bình, Vĩnh Long, Việt Nam ","https://www.google.com/maps/place/S%C3%A2n+B%C3%B3ng+V%C5%A9+Phong/@10.2740476,106.0047761,17z/data=!3m1!4b1!4m6!3m5!1s0x310a9d5c04b44797:0x3d380d3c90f4b485!8m2!3d10.2740476!4d106.0047761!16s%2Fg%2F11gj74pshj?hl=vi&entry=ttu&g_ep=EgoyMDI2MDkzMC4wIKXMDSoASAFQAw%3D%3D","Matched venue name and street address or exact Plus Code; administrative labels may differ."
"VN_1800","Sân bóng mini Quang Huy","10.0450044","105.9873028","Sân bóng mini Quang Huy","Địa chỉ: ĐT904, Tam Bình, Vĩnh Long, Việt Nam ","https://www.google.com/maps/place/S%C3%A2n+b%C3%B3ng+mini+Quang+Huy/@10.0450044,105.9873028,17z/data=!3m1!4b1!4m6!3m5!1s0x31a071b0e3fa023d:0x7ded570db4bed7d9!8m2!3d10.0450044!4d105.9873028!16s%2Fg%2F11hspckj71?hl=vi&entry=ttu&g_ep=EgoyMDI2MDkzMC4wIKXMDSoASAFQAw%3D%3D","Matched venue name and street address or exact Plus Code; administrative labels may differ."
"VN_1802","Sân bóng Đại Học Xây Dựng Miền Tây","10.2312064","105.9600633","Sân bóng Đại Học Xây Dựng Miền Tây","Địa chỉ: Đường Phước Hậu, KDC, Phước Hậu, Vĩnh Long 02703, Việt Nam ","https://www.google.com/maps/place/S%C3%A2n+b%C3%B3ng+%C4%90%E1%BA%A1i+H%E1%BB%8Dc+X%C3%A2y+D%E1%BB%B1ng+Mi%E1%BB%81n+T%C3%A2y/@10.2312064,105.9600633,17z/data=!3m1!4b1!4m6!3m5!1s0x310a83bd460fe3f5:0xdabdf9b221a1d80c!8m2!3d10.2312064!4d105.9600633!16s%2Fg%2F11syf3sv0v?hl=vi&entry=ttu&g_ep=EgoyMDI2MDkzMC4wIKXMDSoASAFQAw%3D%3D","Matched venue name and street address or exact Plus Code; administrative labels may differ."
"VN_1803","Sân cỏ nhân tạo Mỹ Ngọc","10.2437577","105.994521","Sân cỏ nhân tạo Mỹ Ngọc","Địa chỉ: QL57, Thanh Đức, Vĩnh Long, Việt Nam ","https://www.google.com/maps/place/S%C3%A2n+c%E1%BB%8F+nh%C3%A2n+t%E1%BA%A1o+M%E1%BB%B9+Ng%E1%BB%8Dc/@10.2437577,105.994521,17z/data=!3m1!4b1!4m6!3m5!1s0x310a9d15f06b423f:0xc28d43d836bfd65d!8m2!3d10.2437577!4d105.994521!16s%2Fg%2F11c1p5kpbv?hl=vi&entry=ttu&g_ep=EgoyMDI2MDkzMC4wIKXMDSoASAFQAw%3D%3D","Matched venue name and street address or exact Plus Code; administrative labels may differ."
"VN_1807","Sân Bóng Mini BOA FC","10.1175981","106.2237643","Sân Bóng Mini BOA FC","Địa chỉ: 469F+2GJ, Unnamed, Road, Quới Thiện, Vĩnh Long, Việt Nam ","https://www.google.com/maps/place/S%C3%A2n+B%C3%B3ng+Mini+BOA+FC/@10.1175981,106.2237643,17z/data=!3m1!4b1!4m6!3m5!1s0x31a00d7c0b0347cf:0x74bf54389c43252a!8m2!3d10.1175981!4d106.2237643!16s%2Fg%2F11h8vdc2b7?hl=vi&entry=ttu&g_ep=EgoyMDI2MDkzMC4wIKXMDSoASAFQAw%3D%3D","Matched venue name and street address or exact Plus Code; administrative labels may differ."
"VN_1808","Sân vận động huyện Long Hồ","10.2052474","105.997798","Sân vận động Long Hồ","Địa chỉ: 6X4X+34V, QL53, Long Hồ, Vĩnh Long, Việt Nam ","https://www.google.com/maps/place/S%C3%A2n+v%E1%BA%ADn+%C4%91%E1%BB%99ng+Long+H%E1%BB%93/@10.2052474,105.997798,17z/data=!3m1!4b1!4m6!3m5!1s0x31a077c3520373f9:0xd82521cd4c5c7ac5!8m2!3d10.2052474!4d105.997798!16s%2Fg%2F11b67v7pk3?hl=vi&entry=ttu&g_ep=EgoyMDI2MDkzMC4wIKXMDSoASAFQAw%3D%3D","Matched venue name and street address or exact Plus Code; administrative labels may differ."
"VN_1809","Sân Bóng Đá Cỏ Nhân Tạo Anh Căn","9.7941974","106.4469754","Sân Bóng Đá Cỏ Nhân Tạo Anh Căn","Địa chỉ: Cầu Ngang, Vĩnh Long 87806, Việt Nam ","https://www.google.com/maps/place/S%C3%A2n+B%C3%B3ng+%C4%90%C3%A1+C%E1%BB%8F+Nh%C3%A2n+T%E1%BA%A1o+Anh+C%C4%83n/@9.7941974,106.4469754,17z/data=!3m1!4b1!4m6!3m5!1s0x31a0212575641d0b:0x72429e98b59db931!8m2!3d9.7941974!4d106.4469754!16s%2Fg%2F11f6l2vvjf?hl=vi&entry=ttu&g_ep=EgoyMDI2MDkzMC4wIKXMDSoASAFQAw%3D%3D","Matched venue name and street address or exact Plus Code; administrative labels may differ."
"VN_1810","Sân bóng đá mini Hoa Lý","9.9295141","106.3122977","Sân bóng đá mini Hoa Lý","Địa chỉ: W8H6+RW3, Nguyệt Hóa, Vĩnh Long, Việt Nam ","https://www.google.com/maps/place/S%C3%A2n+b%C3%B3ng+%C4%91%C3%A1+mini+Hoa+L%C3%BD/@9.9295141,106.3122977,17z/data=!3m1!4b1!4m6!3m5!1s0x31a01723f024b68b:0x253c14a0db11e605!8m2!3d9.9295141!4d106.3122977!16s%2Fg%2F11j4cz40xh?hl=vi&entry=ttu&g_ep=EgoyMDI2MDkzMC4wIKXMDSoASAFQAw%3D%3D","Matched venue name and street address or exact Plus Code; administrative labels may differ."
"VN_1812","Sân Bóng Đá Thanh Binh Sport_Ngũ Lạc H.Duyên Hải Trà Vinh","9.6642272","106.4327439","Sân Bóng Đá Thanh Binh Sport_Ngũ Lạc H.Duyên Hải Trà Vinh","Địa chỉ: MC7M+M3X, TL914, Duong Lieu, Ngũ Lạc, Vĩnh Long, Việt Nam ","https://www.google.com/maps/place/S%C3%A2n+B%C3%B3ng+%C4%90%C3%A1+Thanh+Binh+Sport_Ng%C5%A9+L%E1%BA%A1c+H.Duy%C3%AAn+H%E1%BA%A3i+Tr%C3%A0+Vinh/@9.6642272,106.4327439,17z/data=!3m1!4b1!4m6!3m5!1s0x31a02f17337c287d:0xfdf54dc924c8462c!8m2!3d9.6642272!4d106.4327439!16s%2Fg%2F11lf_d6fdf?hl=vi&entry=ttu&g_ep=EgoyMDI2MDkzMC4wIKXMDSoASAFQAw%3D%3D","Matched distinctive venue name and exact street/house number or Plus Code. Current administrative labels retained in source."
"VN_1813","Sân Bóng Phương Anh","9.9849465","106.2004402","Sân Bóng Phương Anh","Sân Bóng Phương Anh
Sân Bóng Phương Anh
3,5
Sân bóng đá · X6M2+V73

Đường đi","https://www.google.com/maps/place/S%C3%A2n+B%C3%B3ng+Ph%C6%B0%C6%A1ng+Anh/data=!4m7!3m6!1s0x31a013e459f05033:0xf617a462bcaf3ff0!8m2!3d9.9849465!4d106.2004402!16s%2Fg%2F11sttt9nny!19sChIJM1DwWeQToDER8D-vvGKkF_Y?authuser=0&hl=vi&g_ep=EgoyMDI2MDkzMC4wIJJjKgBIAVAD&rclk=1","Matched distinctive venue name and exact street/house number or Plus Code. Current administrative labels retained in source."
"VN_1814","Sân Bóng Vĩnh Hưng","9.9396211","106.2750183","Sân Bóng Vĩnh Hưng","Địa chỉ: 204 ĐH7, Đầu Giồng, Bình Phú, Vĩnh Long, Việt Nam ","https://www.google.com/maps/place/S%C3%A2n+B%C3%B3ng+V%C4%A9nh+H%C6%B0ng/@9.9396211,106.2750183,17z/data=!3m1!4b1!4m6!3m5!1s0x31a017c6d3214c43:0x6523ea8918900913!8m2!3d9.9396211!4d106.2750183!16s%2Fg%2F11s7mmk8p0?hl=vi&entry=ttu&g_ep=EgoyMDI2MDkzMC4wIKXMDSoASAFQAw%3D%3D","Matched distinctive venue name and exact street/house number or Plus Code. Current administrative labels retained in source."
"VN_1815","Sân bóng đá Phú Cần","9.8283814","106.1942376","Sân bóng đá Phú Cần","Địa chỉ: 35 QL60, Tiểu Cần, Vĩnh Long, Việt Nam ","https://www.google.com/maps/place/S%C3%A2n+b%C3%B3ng+%C4%91%C3%A1+Ph%C3%BA+C%E1%BA%A7n/@9.8283814,106.1942376,17z/data=!3m1!4b1!4m6!3m5!1s0x31a03f068c3ad731:0xdcf276b8a3479136!8m2!3d9.8283814!4d106.1942376!16s%2Fg%2F11r1rnk8np?hl=vi&entry=ttu&g_ep=EgoyMDI2MDkzMC4wIKXMDSoASAFQAw%3D%3D","Matched distinctive venue name and exact street/house number or Plus Code. Current administrative labels retained in source."
"VN_1817","Sân Bóng Chuyền Thầy Giáo","9.9510214","106.2647295","Sân Bóng Chuyền Thầy Giáo","Sân Bóng Chuyền Thầy Giáo
Sân Bóng Chuyền Thầy Giáo
4,5
Sân bóng chuyền · 169 QL60
Mở cả ngày · +84 373 888 712

Đường đi","https://www.google.com/maps/place/S%C3%A2n+B%C3%B3ng+Chuy%E1%BB%81n+Th%E1%BA%A7y+Gi%C3%A1o/data=!4m7!3m6!1s0x31a011ab6948ef09:0x934a7fb81fc77fa8!8m2!3d9.9510214!4d106.2647295!16s%2Fg%2F11vjkm4tdn!19sChIJCe9IaasRoDERqH_HH7h_SpM?authuser=0&hl=vi&g_ep=EgoyMDI2MDkzMC4wIJJjKgBIAVAD&rclk=1","Matched distinctive venue name and exact street/house number or Plus Code. Current administrative labels retained in source."
"VN_1819","Câu lạc bộ bóng đá hậu Giang","9.7727152","105.4659897","Câu lạc bộ bóng đá hậu Giang","Địa chỉ: QFF8+39Q, Vị Thanh, Cần Thơ, Việt Nam ","https://www.google.com/maps/place/C%C3%A2u+l%E1%BA%A1c+b%E1%BB%99+b%C3%B3ng+%C4%91%C3%A1+h%E1%BA%ADu+Giang/@9.7727152,105.4659897,17z/data=!3m1!4b1!4m6!3m5!1s0x31a0e92069886ae5:0xbebcf106aa6b55c9!8m2!3d9.7727152!4d105.4659897!16s%2Fg%2F11gy44rp0d?hl=vi&entry=ttu&g_ep=EgoyMDI2MDkzMC4wIKXMDSoASAFQAw%3D%3D","Matched distinctive venue name and exact street/house number or Plus Code. Current administrative labels retained in source."
"VN_1820","Khách Sạn- Nhà Hàng Bông Sen","9.7943647","105.4803701","Khách Sạn- Nhà Hàng Bông Sen","Địa chỉ: 60 Trần Hưng Đạo, Vị Tân, Cần Thơ, Việt Nam ","https://www.google.com/maps/place/Kh%C3%A1ch+S%E1%BA%A1n-+Nh%C3%A0+H%C3%A0ng+B%C3%B4ng+Sen/@9.7943647,105.4803701,17z/data=!4m9!3m8!1s0x31a0e98f28c23bb5:0x5f16fd4969923895!5m2!4m1!1i2!8m2!3d9.7943647!4d105.4803701!16s%2Fg%2F11twgxxm8w?hl=vi&entry=ttu&g_ep=EgoyMDI2MDkzMC4wIKXMDSoASAFQAw%3D%3D","Matched distinctive venue name and exact street/house number or Plus Code. Current administrative labels retained in source."
"VN_1822","Sân bóng đá cỏ nhân tạo Bông Sen","9.7939755","105.4813417","Sân bóng đá cỏ nhân tạo Bông Sen","Sân bóng đá cỏ nhân tạo Bông Sen
Sân bóng đá cỏ nhân tạo Bông Sen
3,7
Sân bóng đá · QFVJ+HGW
Đã đóng cửa · Mở cửa lúc 5:00 CN · +84 839 369 595

Đường đi","https://www.google.com/maps/place/S%C3%A2n+b%C3%B3ng+%C4%91%C3%A1+c%E1%BB%8F+nh%C3%A2n+t%E1%BA%A1o+B%C3%B4ng+Sen/data=!4m7!3m6!1s0x31a0e943b91f6b2d:0xe22e8fc939ea7658!8m2!3d9.7939755!4d105.4813417!16s%2Fg%2F11c76kyqhb!19sChIJLWsfuUPpoDERWHbqOcmPLuI?authuser=0&hl=vi&g_ep=EgoyMDI2MDkzMC4wIJJjKgBIAVAD&rclk=1","Matched named venue and street address or exact Plus Code."
"VN_1823","Sân bóng mini Liên đoàn Lao động tỉnh Hậu Giang","9.7996229","105.4953563","Sân bóng mini Liên đoàn Lao động tỉnh Hậu Giang","Địa chỉ: QFXW+R4X, Phường 5, Vị Tân, Cần Thơ, Việt Nam ","https://www.google.com/maps/place/S%C3%A2n+b%C3%B3ng+mini+Li%C3%AAn+%C4%91o%C3%A0n+Lao+%C4%91%E1%BB%99ng+t%E1%BB%89nh+H%E1%BA%ADu+Giang/@9.7996229,105.4953563,17z/data=!3m1!4b1!4m6!3m5!1s0x31a0e968365cfed3:0xaef8751febcde3c3!8m2!3d9.7996229!4d105.4953563!16s%2Fg%2F11kjppzd5c?hl=vi&entry=ttu&g_ep=EgoyMDI2MDkzMC4wIKXMDSoASAFQAw%3D%3D","Matched distinctive venue name and exact street/house number or Plus Code. Current administrative labels retained in source."
"VN_1824","Sân Bóng Đá Xã Vị Thanh","9.8445446","105.5438207","Sân Bóng Đá Xã Vị Thanh","Địa chỉ: RGVV+RG8, Vị Thanh 1, Cần Thơ, Việt Nam ","https://www.google.com/maps/place/S%C3%A2n+B%C3%B3ng+%C4%90%C3%A1+X%C3%A3+V%E1%BB%8B+Thanh/@9.8445446,105.5438207,17z/data=!3m1!4b1!4m6!3m5!1s0x31a0ed0cbf49ab03:0x2e8f59735dcef50!8m2!3d9.8445446!4d105.5438207!16s%2Fg%2F11pyp7c7ws?hl=vi&entry=ttu&g_ep=EgoyMDI2MDkzMC4wIKXMDSoASAFQAw%3D%3D","Matched distinctive venue name and exact street/house number or Plus Code. Current administrative labels retained in source."
"VN_1826","Sân bóng chuyền Mỏ Ó","9.4266388","106.1713386","Sân bóng chuyền Mỏ Ó","Sân bóng chuyền Mỏ Ó
Sân bóng chuyền Mỏ Ó
5,0
Sân bóng chuyền · C5GC+MG4

Đường đi","https://www.google.com/maps/place/S%C3%A2n+b%C3%B3ng+chuy%E1%BB%81n+M%E1%BB%8F+%C3%93/data=!4m7!3m6!1s0x31a1c900661419e9:0x754c7f82b66ebe41!8m2!3d9.4266388!4d106.1713386!16s%2Fg%2F11y48sp2gh!19sChIJ6RkUZgDJoTERQb5utoJ_THU?authuser=0&hl=vi&g_ep=EgoyMDI2MDkzMC4wIJJjKgBIAVAD&rclk=1","Matched distinctive venue name and exact street/house number or Plus Code. Current administrative labels retained in source."
"VN_1827","Sân Banh Quang Thuỷ Sản 503 Phạm Hùng","9.6156604","106.0063025","Sân bóng đá Quang Thủy Sản","Địa chỉ: 503 Phạm Hùng, Sóc Trăng, Cần Thơ, Việt Nam ","https://www.google.com/maps/place/S%C3%A2n+b%C3%B3ng+%C4%91%C3%A1+Quang+Th%E1%BB%A7y+S%E1%BA%A3n/@9.6156604,106.0063025,17z/data=!3m1!4b1!4m6!3m5!1s0x31a04f00428b6c4f:0xa165cc44378eecc7!8m2!3d9.6156604!4d106.0063025!16s%2Fg%2F11lc_zbrt0?hl=vi&entry=ttu&g_ep=EgoyMDI2MDkzMC4wIKXMDSoASAFQAw%3D%3D","Matched distinctive venue name and exact street/house number or Plus Code. Current administrative labels retained in source."
"VN_1828","Sân Bóng Đá Mini Hòa Hưng","9.3176138","105.983423","Sân Bóng Đá Mini Hòa Hưng","Địa chỉ: 8X9M+29V, Lê Lai, Vĩnh Châu, Cần Thơ, Việt Nam ","https://www.google.com/maps/place/S%C3%A2n+B%C3%B3ng+%C4%90%C3%A1+Mini+H%C3%B2a+H%C6%B0ng/@9.3176138,105.983423,17z/data=!3m1!4b1!4m6!3m5!1s0x31a1bada3e85bacf:0x8abbb7b3ff1bc4dd!8m2!3d9.3176138!4d105.983423!16s%2Fg%2F11cs32f7rf?hl=vi&entry=ttu&g_ep=EgoyMDI2MDkzMC4wIKXMDSoASAFQAw%3D%3D","Matched distinctive venue name and exact street/house number or Plus Code. Current administrative labels retained in source."
"VN_1829","Sân bóng chuyền Trung Tiger","9.7681804","105.9839071","Sân bóng chuyền Trung Tiger","Địa chỉ: QX9M+7HF, Ấp An Thành, Kế Sách, Cần Thơ, Việt Nam ","https://www.google.com/maps/place/S%C3%A2n+b%C3%B3ng+chuy%E1%BB%81n+Trung+Tiger/@9.7681804,105.9839071,17z/data=!3m1!4b1!4m6!3m5!1s0x31a045a9ec845a5f:0x847e4fae8a0f1b60!8m2!3d9.7681804!4d105.9839071!16s%2Fg%2F11syzcklzd?hl=vi&entry=ttu&g_ep=EgoyMDI2MDkzMC4wIKXMDSoASAFQAw%3D%3D","Matched distinctive venue name and exact street/house number or Plus Code. Current administrative labels retained in source."
"VN_1832","Sân bóng Đại Ngãi","9.7305033","106.0721026","Sân bóng Đại Ngãi","Địa chỉ: P3JC+6R5, Đại Ngãi, Cần Thơ, Việt Nam ","https://www.google.com/maps/place/S%C3%A2n+b%C3%B3ng+%C4%90%E1%BA%A1i+Ng%C3%A3i/@9.7305033,106.0721026,17z/data=!3m1!4b1!4m6!3m5!1s0x31a047b33b96122b:0x8829280cde8b0d0b!8m2!3d9.7305033!4d106.0721026!16s%2Fg%2F11ghflyhtg?hl=vi&entry=ttu&g_ep=EgoyMDI2MDkzMC4wIKXMDSoASAFQAw%3D%3D","Matched distinctive venue name and exact street/house number or Plus Code. Current administrative labels retained in source."
"VN_1834","Sân Bóng Mini Vũ Hùng - Sáu Gấm","9.7684208","105.9805745","Sân Bóng Mini Vũ Hùng - Sáu Gấm","Địa chỉ: QX9J+968, Ung Công Uẩn, Kế Sách, Cần Thơ, Việt Nam ","https://www.google.com/maps/place/S%C3%A2n+B%C3%B3ng+Mini+V%C5%A9+H%C3%B9ng+-+S%C3%A1u+G%E1%BA%A5m/@9.7684208,105.9805745,17z/data=!3m1!4b1!4m6!3m5!1s0x31a044b749389819:0x23d5a2e8aca09c9d!8m2!3d9.7684208!4d105.9805745!16s%2Fg%2F11b67r0kvj?hl=vi&entry=ttu&g_ep=EgoyMDI2MDkzMC4wIKXMDSoASAFQAw%3D%3D","Matched venue identity and street address or Plus Code; source uses current administrative names."
"VN_1835","Sân bóng thiên thanh","9.5661004","105.981934","Sân bóng thiên thanh","Địa chỉ: 139T ấp hoà mỹ, Mỹ Xuyên, Cần Thơ, Việt Nam ","https://www.google.com/maps/place/S%C3%A2n+b%C3%B3ng+thi%C3%AAn+thanh/@9.5661004,105.981934,17z/data=!3m1!4b1!4m6!3m5!1s0x31a04d51cef11649:0x2e1270d51b713f51!8m2!3d9.5661004!4d105.981934!16s%2Fg%2F11t6wxn4fw?hl=vi&entry=ttu&g_ep=EgoyMDI2MDkzMC4wIKXMDSoASAFQAw%3D%3D","Matched venue identity and street address or Plus Code; source uses current administrative names."
"VN_1836","Sân Bóng Anh Lợi","9.640007","105.8127822","Sân Bóng Anh Lợi","Địa chỉ: Cầu ÔRô, Long Hưng - Mỹ Tú, Mỹ Tú, Cần Thơ, Việt Nam ","https://www.google.com/maps/place/S%C3%A2n+B%C3%B3ng+Anh+L%E1%BB%A3i/@9.640007,105.8127822,17z/data=!3m1!4b1!4m6!3m5!1s0x31a0570e97fb31b3:0x47df9ab9be8f0f88!8m2!3d9.640007!4d105.8127822!16s%2Fg%2F11fmmvl5xb?hl=vi&entry=ttu&g_ep=EgoyMDI2MDkzMC4wIKXMDSoASAFQAw%3D%3D","Matched venue identity and street address or Plus Code; source uses current administrative names."
"VN_1838","Sân bóng đá Quang Thủy Sản","9.6156604","106.0063025","Sân bóng đá Quang Thủy Sản","Địa chỉ: 503 Phạm Hùng, Sóc Trăng, Cần Thơ, Việt Nam ","https://www.google.com/maps/place/S%C3%A2n+b%C3%B3ng+%C4%91%C3%A1+Quang+Th%E1%BB%A7y+S%E1%BA%A3n/@9.6156604,106.0063025,17z/data=!3m1!4b1!4m6!3m5!1s0x31a04f00428b6c4f:0xa165cc44378eecc7!8m2!3d9.6156604!4d106.0063025!16s%2Fg%2F11lc_zbrt0?hl=vi&entry=ttu&g_ep=EgoyMDI2MDkzMC4wIKXMDSoASAFQAw%3D%3D","Matched venue identity and street address or Plus Code; source uses current administrative names."
"VN_1839","Sân cỏ Bãi Giá","9.4975078","106.2010884","Sân cỏ Bãi Giá","Địa chỉ: F6X2+2C4, Trần Đề, Cần Thơ, Việt Nam ","https://www.google.com/maps/place/S%C3%A2n+c%E1%BB%8F+B%C3%A3i+Gi%C3%A1/@9.4975078,106.2010884,17z/data=!3m1!4b1!4m6!3m5!1s0x31a1cb47a3225b2b:0x74742b6527fde963!8m2!3d9.4975078!4d106.2010884!16s%2Fg%2F11ghrb27j1?hl=vi&entry=ttu&g_ep=EgoyMDI2MDkzMC4wIKXMDSoASAFQAw%3D%3D","Matched named venue and street address or exact Plus Code."
"VN_1841","Hấu COFFE - SÂN BÓNG ĐẠT AN","9.594047","105.9778732","Hấu COFFE - SÂN BÓNG ĐẠT AN","Địa chỉ: KDC LÊ DUẨN, ĐƯỜNG SỐ 6, Phú Lợi, Cần Thơ 96000, Việt Nam ","https://www.google.com/maps/place/H%E1%BA%A5u+COFFE+-+S%C3%82N+B%C3%93NG+%C4%90%E1%BA%A0T+AN/@9.594047,105.9778732,17z/data=!3m1!4b1!4m6!3m5!1s0x31a04dba40f485ab:0x22f98aa26b56af18!8m2!3d9.594047!4d105.9778732!16s%2Fg%2F11vz4y5ypt?hl=vi&entry=ttu&g_ep=EgoyMDI2MDkzMC4wIKXMDSoASAFQAw%3D%3D","Matched venue identity and street address or Plus Code; source uses current administrative names."
"VN_1843","Sân Cỏ Nhân Tạo Xã Vĩnh Thanh","9.3555516","105.5214175","Sân Cỏ Nhân Tạo Xã Vĩnh Thanh","Địa chỉ: Vĩnh Thanh, Cà Mau, Việt Nam ","https://www.google.com/maps/place/S%C3%A2n+C%E1%BB%8F+Nh%C3%A2n+T%E1%BA%A1o+X%C3%A3+V%C4%A9nh+Thanh/@9.3555516,105.5214175,17z/data=!3m1!4b1!4m6!3m5!1s0x31a111c048efe9a9:0x5091e770bc6799d7!8m2!3d9.3555516!4d105.5214175!16s%2Fg%2F11gxrwkfzm?hl=vi&entry=ttu&g_ep=EgoyMDI2MDkzMC4wIKXMDSoASAFQAw%3D%3D","Matched venue identity and street address or Plus Code; source uses current administrative names."
"VN_1844","Sân bóng chuyền (Minh Thiện)","9.4646298","105.4073637","Sân bóng chuyền (Minh Thiện)","Địa chỉ: Ninh Thạnh Lợi, Cà Mau, Việt Nam ","https://www.google.com/maps/place/S%C3%A2n+b%C3%B3ng+chuy%E1%BB%81n+(Minh+Thi%E1%BB%87n)/@9.4646298,105.4073637,17z/data=!3m1!4b1!4m6!3m5!1s0x31a119d1a8057f1d:0x2f809be83c396b98!8m2!3d9.4646298!4d105.4073637!16s%2Fg%2F11ld6z62b9?hl=vi&entry=ttu&g_ep=EgoyMDI2MDkzMC4wIKXMDSoASAFQAw%3D%3D","Matched named venue and street address or exact Plus Code."
"VN_1848","Sân bóng cỏ nhân tạo Gia Phú","9.436658","105.464032","Sân bóng cỏ nhân tạo Gia Phú","Địa chỉ: CFP7+MJ7, Ấp Nội Ô, Phước Long, Cà Mau, Việt Nam ","https://www.google.com/maps/place/S%C3%A2n+b%C3%B3ng+c%E1%BB%8F+nh%C3%A2n+t%E1%BA%A1o+Gia+Ph%C3%BA/@9.436658,105.464032,17z/data=!3m1!4b1!4m6!3m5!1s0x31a1199994ac809f:0x9ac3480fdb84071f!8m2!3d9.436658!4d105.464032!16s%2Fg%2F11q1w5xtst?hl=vi&entry=ttu&g_ep=EgoyMDI2MDkzMC4wIKXMDSoASAFQAw%3D%3D","Venue name and house/street address or exact Plus Code match the source pin."
"VN_1849","Cà phê - Sân bóng Thanh Thư","9.3179176","105.7685006","Cà phê - Sân bóng Thanh Thư","Địa chỉ: Hưng Hội, Cà Mau, Việt Nam ","https://www.google.com/maps/place/C%C3%A0+ph%C3%AA+-+S%C3%A2n+b%C3%B3ng+Thanh+Th%C6%B0/@9.3179176,105.7685006,17z/data=!3m1!4b1!4m6!3m5!1s0x31a10900381ef365:0x8dab41c3b2e8e238!8m2!3d9.3179176!4d105.7685006!16s%2Fg%2F11vpqppfqv?hl=vi&entry=ttu&g_ep=EgoyMDI2MDkzMC4wIKXMDSoASAFQAw%3D%3D","Venue name and house/street address or exact Plus Code match the source pin."
"VN_1850","Sân Bóng Đá - Pickleball Hoà Phát Bạc Liêu","9.317992","105.7189022","Sân Bóng Đá - Pickleball Hoà Phát Bạc Liêu","Sân Bóng Đá - Pickleball Hoà Phát Bạc Liêu
Sân Bóng Đá - Pickleball Hoà Phát Bạc Liêu
4,6
Câu lạc bộ thể thao · 8P99+5JM, QL1A
Mở cả ngày · +84 981 449 494

Đường đi","https://www.google.com/maps/place/S%C3%A2n+B%C3%B3ng+%C4%90%C3%A1+-+Pickleball+Ho%C3%A0+Ph%C3%A1t+B%E1%BA%A1c+Li%C3%AAu/data=!4m7!3m6!1s0x31a1090073f57dd5:0x7b31fb12bc6f643!8m2!3d9.317992!4d105.7189022!16s%2Fg%2F11w8thyx2c!19sChIJ1X31cwAJoTERQ_bGK7Efswc?authuser=0&hl=vi&g_ep=EgoyMDI2MDkzMC4wIJJjKgBIAVAD&rclk=1","Venue name and house/street address or exact Plus Code match the source pin."
"VN_1851","Sân Bóng Chuyền Trung Tính","9.3274321","105.7832521","Sân Bóng Chuyền Trung Tính","Sân Bóng Chuyền Trung Tính
Sân Bóng Chuyền Trung Tính
5,0
Sân chơi · 8QGM+X8C Áp Ca Vinh

Đường đi","https://www.google.com/maps/place/S%C3%A2n+B%C3%B3ng+Chuy%E1%BB%81n+Trung+T%C3%ADnh/data=!4m7!3m6!1s0x31a1a70017a1e343:0xf6f22918c23420e7!8m2!3d9.3274321!4d105.7832521!16s%2Fg%2F11wh69d27r!19sChIJQ-OhFwCnoTER5yA0whgp8vY?authuser=0&hl=vi&g_ep=EgoyMDI2MDkzMC4wIJJjKgBIAVAD&rclk=1","Venue name and house/street address or exact Plus Code match the source pin."
"VN_1855","Sân bóng Đào Nguyên Bạc Liêu","9.3140291","105.7199204","Sân bóng Đào Nguyên Bạc Liêu","Địa chỉ: 449 QL1A, Vĩnh Lợi, Cà Mau, Việt Nam ","https://www.google.com/maps/place/S%C3%A2n+b%C3%B3ng+%C4%90%C3%A0o+Nguy%C3%AAn+B%E1%BA%A1c+Li%C3%AAu/@9.3140291,105.7199204,17z/data=!3m1!4b1!4m6!3m5!1s0x31a10928b1ab6507:0xb60ba5cc8a86d8ea!8m2!3d9.3140291!4d105.7199204!16s%2Fg%2F11t2b4dg0m?hl=vi&entry=ttu&g_ep=EgoyMDI2MDkzMC4wIKXMDSoASAFQAw%3D%3D","Venue name and house/street address or exact Plus Code match the source pin."
"VN_1858","Sân bóng Dương Linh","9.3836975","105.4071273","Sân bóng Dương Linh","Địa chỉ: Quốc lộ Quản Lộ - Phụng Hiệp, Vĩnh Phước, Cà Mau, Việt Nam ","https://www.google.com/maps/place/S%C3%A2n+bo%CC%81ng+D%C6%B0%C6%A1ng+Linh/@9.3836975,105.4071273,17z/data=!3m1!4b1!4m6!3m5!1s0x31a1195148950273:0x7f6db8449e606381!8m2!3d9.3836975!4d105.4071273!16s%2Fg%2F11hzyph4xq?hl=vi&entry=ttu&g_ep=EgoyMDI2MDkzMC4wIKXMDSoASAFQAw%3D%3D","Venue name and house/street address or exact Plus Code match the source pin."
"VN_1860","CLB Bóng Bàn Nhà Thi Đấu Cầu Giấy","21.0368853","105.7913306","Câu Lạc Bộ Bóng Bàn Cầu Giấy - Sơn Tè shop","Câu Lạc Bộ Bóng Bàn Cầu Giấy - Sơn Tè shop
Câu Lạc Bộ Bóng Bàn Cầu Giấy - Sơn Tè shop
4,9
Câu lạc bộ bóng bàn · 35 P. Trần Quý Kiên
Đã đóng cửa · Mở cửa lúc 0:00 CN · +84 919 587 766

Trang web

Đường đi","https://www.google.com/maps/place/C%C3%A2u+L%E1%BA%A1c+B%E1%BB%99+B%C3%B3ng+B%C3%A0n+C%E1%BA%A7u+Gi%E1%BA%A5y+-+S%C6%A1n+T%C3%A8+shop/data=!4m7!3m6!1s0x3135ab0027d91e19:0x5fbdc04b63cbae3d!8m2!3d21.0368853!4d105.7913306!16s%2Fg%2F11y8v_3359!19sChIJGR7ZJwCrNTERPa7LY0vAvV8?authuser=0&hl=vi&g_ep=EgoyMDI2MDkzMC4wIJJjKgBIAVAD&rclk=1","Venue name and house/street address or exact Plus Code match the source pin."
"VN_1867","CLB Bóng Bàn Rạch Miễu - Phú Nhuận","10.7961419","106.6871658","Trung tâm Thể dục Thể thao Rạch Miễu","Trung tâm Thể dục Thể thao Rạch Miễu
Trung tâm Thể dục Thể thao Rạch Miễu
4,1
Tổ hợp thể thao · 1 Đ. Hoa Phượng
Mở cả ngày · +84 28 3517 3631

Trang web

Đường đi","https://www.google.com/maps/place/Trung+t%C3%A2m+Th%E1%BB%83+d%E1%BB%A5c+Th%E1%BB%83+thao+R%E1%BA%A1ch+Mi%E1%BB%85u/data=!4m7!3m6!1s0x317528d1ef20afdf:0xf8df1b324187b6e8!8m2!3d10.7961419!4d106.6871658!16s%2Fg%2F11g8z1_b_v!19sChIJ368g79EodTER6LaHQTIb3_g?authuser=0&hl=vi&g_ep=EgoyMDI2MDkzMC4wIJJjKgBIAVAD&rclk=1","Named sports facility and street address match. Coordinates identify the shared facility, not the centre of an individual court."
"VN_1869","CLB Bóng Bàn Hoa Lư Quận 1","10.787406","106.7011864","CLB Bóng Bàn Hoa Lư","Địa chỉ: Việt Nam, Hồ Chí Minh, Sài Gòn, Đinh Tiên Hoàng ","https://www.google.com/maps/place/CLB+B%C3%B3ng+B%C3%A0n+Hoa+L%C6%B0/@10.787406,106.7011864,17z/data=!3m1!4b1!4m6!3m5!1s0x31752fdc1e46efd7:0xecc943e6cacc9543!8m2!3d10.787406!4d106.7011864!16s%2Fg%2F11f9fvsgx1?hl=vi&entry=ttu&g_ep=EgoyMDI2MDkzMC4wIKXMDSoASAFQAw%3D%3D","Distinctive Hoa Lu table tennis club and Dinh Tien Hoang street match."
"VN_1871","CLB Bóng Bàn Cung Văn Hóa Lao Động","10.7763541","106.693126","Cung Văn hóa Lao động TP.HCM","Địa chỉ: 55B Nguyễn Thị Minh Khai, Bến Thành, Hồ Chí Minh 700000, Việt Nam ","https://www.google.com/maps/place/Cung+V%C4%83n+h%C3%B3a+Lao+%C4%91%E1%BB%99ng+TP.HCM/@10.7763541,106.693126,17z/data=!3m1!4b1!4m6!3m5!1s0x31752fbdcdacd7c5:0x107857fd26472fad!8m2!3d10.7763541!4d106.693126!16s%2Fg%2F11rq3vdvmp?hl=vi&entry=ttu&g_ep=EgoyMDI2MDkzMC4wIKXMDSoASAFQAw%3D%3D","Named sports facility and street address match. Coordinates identify the shared facility, not the centre of an individual court."
"VN_1872","CLB Bóng Bàn Tân Bình","10.795179","106.6537551","Trung tâm Văn hóa - Thể thao quận Tân Bình","Trung tâm Văn hóa - Thể thao quận Tân Bình
Trung tâm Văn hóa - Thể thao quận Tân Bình
4,2
Trung tâm văn hoá ·  · 448 Đ. Hoàng Văn Thụ
Đã đóng cửa · Mở cửa lúc 9:00 CN · +84 28 3844 0091

Trang web

Đường đi","https://www.google.com/maps/place/Trung+t%C3%A2m+V%C4%83n+h%C3%B3a+-+Th%E1%BB%83+thao+qu%E1%BA%ADn+T%C3%A2n+B%C3%ACnh/data=!4m7!3m6!1s0x31752ecb43544e11:0xd019b47b883b033b!8m2!3d10.795179!4d106.6537551!16s%2Fg%2F11b67q0h15!19sChIJEU5UQ8sudTEROwM7iHu0GdA?authuser=0&hl=vi&g_ep=EgoyMDI2MDkzMC4wIJJjKgBIAVAD&rclk=1","Named sports facility and street address match. Coordinates identify the shared facility, not the centre of an individual court."
"VN_1874","CLB Bóng Bàn Quân Khu 5","16.0466937","108.215275","Nhà thi đấu Quân khu 5","Nhà thi đấu Quân khu 5
Nhà thi đấu Quân khu 5
4,3
Tổ hợp thể thao ·  · 7 Duy Tân
+84 236 3615 319

Đường đi","https://www.google.com/maps/place/Nh%C3%A0+thi+%C4%91%E1%BA%A5u+Qu%C3%A2n+khu+5/data=!4m7!3m6!1s0x314219a2e921d85b:0x20d5813052837522!8m2!3d16.0466937!4d108.215275!16s%2Fg%2F11fknwtl6p!19sChIJW9gh6aIZQjERInWDUjCB1SA?authuser=0&hl=vi&g_ep=EgoyMDI2MDkzMC4wIJJjKgBIAVAD&rclk=1","Named sports facility and street address match. Coordinates identify the shared facility, not the centre of an individual court."
"VN_1875","CLB Bóng Bàn Cung VHTT Việt Tiệp","20.8482535","106.6916592","Cung Văn hóa Lao động hữu nghị Việt - Tiệp","Cung Văn hóa Lao động hữu nghị Việt - Tiệp
Cung Văn hóa Lao động hữu nghị Việt - Tiệp
4,3
Trung tâm văn hoá ·  · 53 Lạch Tray
Đã đóng cửa · Mở cửa lúc 5:00 CN · +84 225 3640 035

Trang web

Đường đi","https://www.google.com/maps/place/Cung+V%C4%83n+h%C3%B3a+Lao+%C4%91%E1%BB%99ng+h%E1%BB%AFu+ngh%E1%BB%8B+Vi%E1%BB%87t+-+Ti%E1%BB%87p/data=!4m7!3m6!1s0x314a7a91aaeeaf91:0x59c33b4ea5f9fd92!8m2!3d20.8482535!4d106.6916592!16s%2Fg%2F1x6p_7gx!19sChIJka_uqpF6SjERkv35pU47w1k?authuser=0&hl=vi&g_ep=EgoyMDI2MDkzMC4wIJJjKgBIAVAD&rclk=1","Named sports facility and street address match. Coordinates identify the shared facility, not the centre of an individual court."
"VN_1879","Sân Bóng Rổ Cung Thể Thao Quần Ngựa","21.0403192","105.8145012","Cung thể thao Quần Ngựa","Địa chỉ: 30 Đ. Văn Cao, Ngọc Hà, Hà Nội, Việt Nam ","https://www.google.com/maps/place/Cung+th%E1%BB%83+thao+Qu%E1%BA%A7n+Ng%E1%BB%B1a/@21.0403192,105.8145012,17z/data=!3m1!4b1!4m6!3m5!1s0x3135ab11822392d9:0x35e9bf7fa41ae21f!8m2!3d21.0403192!4d105.8145012!16s%2Fg%2F122npbp2?hl=vi&entry=ttu&g_ep=EgoyMDI2MDkzMC4wIKXMDSoASAFQAw%3D%3D","Matched named sports facility and its address/campus. Coordinate identifies the shared facility, not an individual court."
"VN_1880","Sân Bóng Rổ Nhà Thi Đấu ĐH Y Hà Nội","21.0014576","105.8326075","Nhà Thi Đấu ĐH Y","Nhà Thi Đấu ĐH Y
Nhà Thi Đấu ĐH Y
4,4
Tổ hợp thể thao · 2R2M+H2Q, P. Khương Thượng
Đã đóng cửa · Mở cửa lúc 6:00 CN

Đường đi","https://www.google.com/maps/place/Nh%C3%A0+Thi+%C4%90%E1%BA%A5u+%C4%90H+Y/data=!4m7!3m6!1s0x3135ac7c4f400001:0x7115616e177cc65e!8m2!3d21.0014576!4d105.8326075!16s%2Fg%2F11c529fmd9!19sChIJAQBAT3ysNTERXsZ8F25hFXE?authuser=0&hl=vi&g_ep=EgoyMDI2MDkzMC4wIJJjKgBIAVAD&rclk=1","Matched named sports facility and its address/campus. Coordinate identifies the shared facility, not an individual court."
"VN_1882","Sân Bóng Rổ Nhà Thi Đấu Cầu Giấy","21.036978","105.7916615","Nhà Thi Đấu Cầu Giấy","Địa chỉ: P. Trần Quý Kiên/35 P. Dịch Vọng, Cầu Giấy, Hà Nội, Việt Nam ","https://www.google.com/maps/place/Nh%C3%A0+Thi+%C4%90%E1%BA%A5u+C%E1%BA%A7u+Gi%E1%BA%A5y/@21.036978,105.7916615,17z/data=!3m1!4b1!4m6!3m5!1s0x3135ab37d1db3d6d:0x7827a9be7b8a3790!8m2!3d21.036978!4d105.7916615!16s%2Fg%2F1trxb57w?hl=vi&entry=ttu&g_ep=EgoyMDI2MDkzMC4wIKXMDSoASAFQAw%3D%3D","Matched named sports facility and its address/campus. Coordinate identifies the shared facility, not an individual court."
"VN_1883","Sân Bóng Rổ Trung Tâm TDTT Thanh Xuân","21.0021496","105.7975416","Sân bóng rổ Thanh Xuân","Sân bóng rổ Thanh Xuân
Sân bóng rổ Thanh Xuân
4,7
Sân bóng rổ · 166 Đ. Khuất Duy Tiến
Sắp đóng cửa · 22:30 · Mở cửa lúc 6:30 CN · +84 369 993 662

Trang web

Đường đi","https://www.google.com/maps/place/S%C3%A2n+b%C3%B3ng+r%E1%BB%95+Thanh+Xu%C3%A2n/data=!4m7!3m6!1s0x3135ad969e793393:0xe1905ee168a3a83f!8m2!3d21.0021496!4d105.7975416!16s%2Fg%2F11t2wp1x_7!19sChIJkzN5npatNTERP6ijaOFekOE?authuser=0&hl=vi&g_ep=EgoyMDI2MDkzMC4wIJJjKgBIAVAD&rclk=1","Matched named venue and street address or exact Plus Code."
"VN_1884","Sân Bóng Rổ Nhà Thi Đấu Bách Khoa","21.0035324","105.8470866","Nhà thi đấu Bách Khoa","Địa chỉ: 2R3W+CR8, P. Tạ Quang Bửu, Bạch Mai, Hà Nội, Việt Nam ","https://www.google.com/maps/place/Nh%C3%A0+thi+%C4%91%E1%BA%A5u+B%C3%A1ch+Khoa/@21.0035324,105.8470866,17z/data=!3m1!4b1!4m6!3m5!1s0x3135ac743dae7553:0xacb8a162dfb838dc!8m2!3d21.0035324!4d105.8470866!16s%2Fg%2F11bw5vxz9j?hl=vi&entry=ttu&g_ep=EgoyMDI2MDkzMC4wIKXMDSoASAFQAw%3D%3D","Matched named sports facility and its address/campus. Coordinate identifies the shared facility, not an individual court."
"VN_1887","Sân Bóng Rổ Nhà Thi Đấu Hồ Xuân Hương","10.7773249","106.6874933","Nhà Thi Đấu Hồ Xuân Hương","Địa chỉ: 2 Hồ Xuân Hương, Xuân Hòa, Hồ Chí Minh, Việt Nam ","https://www.google.com/maps/place/Nh%C3%A0+Thi+%C4%90%E1%BA%A5u+H%E1%BB%93+Xu%C3%A2n+H%C6%B0%C6%A1ng/@10.7773249,106.6874933,17z/data=!3m1!4b1!4m6!3m5!1s0x31752f25372311ad:0xa8adcf38403d223d!8m2!3d10.7773249!4d106.6874933!16s%2Fg%2F11h0vtqlgt?hl=vi&entry=ttu&g_ep=EgoyMDI2MDkzMC4wIKXMDSoASAFQAw%3D%3D","Matched named sports facility and its address/campus. Coordinate identifies the shared facility, not an individual court."
"VN_1888","Sân Bóng Rổ Cung Văn Hóa Lao Động TP.HCM","10.7763541","106.693126","Cung Văn hóa Lao động TP.HCM","Cung Văn hóa Lao động TP.HCM
Cung Văn hóa Lao động TP.HCM
4,4
Trung tâm văn hoá ·  · 55B Nguyễn Thị Minh Khai
Đã đóng cửa · Mở cửa lúc 6:00 CN · +84 28 3930 7512

Trang web

Đường đi","https://www.google.com/maps/place/Cung+V%C4%83n+h%C3%B3a+Lao+%C4%91%E1%BB%99ng+TP.HCM/data=!4m7!3m6!1s0x31752fbdcdacd7c5:0x107857fd26472fad!8m2!3d10.7763541!4d106.693126!16s%2Fg%2F11rq3vdvmp!19sChIJxdeszb0vdTERrS9HJv1XeBA?authuser=0&hl=vi&g_ep=EgoyMDI2MDkzMC4wIJJjKgBIAVAD&rclk=1","Matched named sports facility and its address/campus. Coordinate identifies the shared facility, not an individual court."
"VN_1889","Sân Bóng Rổ Nhà Thi Đấu Phú Thọ","10.7658487","106.6586938","Sân bóng rổ","Sân bóng rổ
Sân bóng rổ
4,6
Sân bóng rổ · 219 Đ. Lý Thường Kiệt
Mở cả ngày · +84 775 030 555

Trang web

Đường đi","https://www.google.com/maps/place/S%C3%A2n+b%C3%B3ng+r%E1%BB%95/data=!4m7!3m6!1s0x31752fb71ed4d5ab:0xe7ee91327af58be2!8m2!3d10.7658487!4d106.6586938!16s%2Fg%2F11t3l8kjfv!19sChIJq9XUHrcvdTER4ov1ejKR7uc?authuser=0&hl=vi&g_ep=EgoyMDI2MDkzMC4wIJJjKgBIAVAD&rclk=1","Matched named venue and street address or exact Plus Code."
"VN_1891","Sân Bóng Rổ Trung Tâm TDTT Tân Bình","10.795179","106.6537551","Trung tâm Văn hóa - Thể thao quận Tân Bình","Trung tâm Văn hóa - Thể thao quận Tân Bình
Trung tâm Văn hóa - Thể thao quận Tân Bình
4,2
Trung tâm văn hoá ·  · 448 Đ. Hoàng Văn Thụ
Đã đóng cửa · Mở cửa lúc 9:00 CN · +84 28 3844 0091

Trang web

Đường đi","https://www.google.com/maps/place/Trung+t%C3%A2m+V%C4%83n+h%C3%B3a+-+Th%E1%BB%83+thao+qu%E1%BA%ADn+T%C3%A2n+B%C3%ACnh/data=!4m7!3m6!1s0x31752ecb43544e11:0xd019b47b883b033b!8m2!3d10.795179!4d106.6537551!16s%2Fg%2F11b67q0h15!19sChIJEU5UQ8sudTEROwM7iHu0GdA?authuser=0&hl=vi&g_ep=EgoyMDI2MDkzMC4wIJJjKgBIAVAD&rclk=1","Matched named sports facility and its address/campus. Coordinate identifies the shared facility, not an individual court."
"VN_1892","Sân Bóng Rổ Nhà Thi Đấu Lãnh Binh Thăng","10.7638925","106.6486071","Nhà thi đấu Lãnh Binh Thăng","Địa chỉ: 283 Lãnh Binh Thăng, Bình Thới, Hồ Chí Minh, Việt Nam ","https://www.google.com/maps/place/Nh%C3%A0+thi+%C4%91%E1%BA%A5u+L%C3%A3nh+Binh+Th%C4%83ng/@10.7638925,106.6486071,17z/data=!3m1!4b1!4m6!3m5!1s0x31752e939a4b5a27:0x775ee05ddb90e01a!8m2!3d10.7638925!4d106.6486071!16s%2Fg%2F1vljcv52?hl=vi&entry=ttu&g_ep=EgoyMDI2MDkzMC4wIKXMDSoASAFQAw%3D%3D","Matched named sports facility and its address/campus. Coordinate identifies the shared facility, not an individual court."
"VN_1893","Sân Bóng Rổ Cung Thể Thao Tiên Sơn","16.0368203","108.2264605","Cung Thể Thao Tiên Sơn","Địa chỉ: Phan Đăng Lưu, Hòa Cường, Đà Nẵng, Việt Nam ","https://www.google.com/maps/place/Cung+Th%E1%BB%83+Thao+Ti%C3%AAn+S%C6%A1n/@16.0368203,108.2264605,17z/data=!3m1!4b1!4m6!3m5!1s0x314219e91ac18ded:0x62fbb8d47ec96199!8m2!3d16.0368203!4d108.2264605!16s%2Fg%2F11f3w6nb2y?hl=vi&entry=ttu&g_ep=EgoyMDI2MDkzMC4wIKXMDSoASAFQAw%3D%3D","Matched named sports facility and its address/campus. Coordinate identifies the shared facility, not an individual court."
"VN_1894","Sân Bóng Rổ Quân Khu 5 Đà Nẵng","16.0466937","108.215275","Nhà thi đấu Quân khu 5","Nhà thi đấu Quân khu 5
Nhà thi đấu Quân khu 5
4,3
Tổ hợp thể thao ·  · 7 Duy Tân
+84 236 3615 319

Đường đi","https://www.google.com/maps/place/Nh%C3%A0+thi+%C4%91%E1%BA%A5u+Qu%C3%A2n+khu+5/data=!4m7!3m6!1s0x314219a2e921d85b:0x20d5813052837522!8m2!3d16.0466937!4d108.215275!16s%2Fg%2F11fknwtl6p!19sChIJW9gh6aIZQjERInWDUjCB1SA?authuser=0&hl=vi&g_ep=EgoyMDI2MDkzMC4wIJJjKgBIAVAD&rclk=1","Matched named sports facility and its address/campus. Coordinate identifies the shared facility, not an individual court."
"VN_1896","Sân Bóng Rổ Trung Tâm TDTT Cần Thơ","10.0465664","105.789991","Nhà Thi Đấu Đa Năng Thành Phố Cần Thơ","Nhà Thi Đấu Đa Năng Thành Phố Cần Thơ
Nhà Thi Đấu Đa Năng Thành Phố Cần Thơ
4,1
Tổ hợp thể thao ·  · 3 Lê Lợi

Đường đi","https://www.google.com/maps/place/Nh%C3%A0+Thi+%C4%90%E1%BA%A5u+%C4%90a+N%C4%83ng+Th%C3%A0nh+Ph%E1%BB%91+C%E1%BA%A7n+Th%C6%A1/data=!4m7!3m6!1s0x31a062aeef9c3db3:0x3a575b759ea55bb9!8m2!3d10.0465664!4d105.789991!16s%2Fg%2F1tfdwbqz!19sChIJsz2c765ioDERuVulnnVbVzo?authuser=0&hl=vi&g_ep=EgoyMDI2MDkzMC4wIJJjKgBIAVAD&rclk=1","Matched named sports facility and its address/campus. Coordinate identifies the shared facility, not an individual court."
"VN_1898","Sân Bóng Chuyền Nhà Thi Đấu Tây Hồ","21.063182","105.8036198","Nhà thi đấu Tây Hồ","Địa chỉ: 101 Đ. Xuân La, Khu đô thị Tây Hồ Tây, Xuân Đỉnh, Hà Nội, Việt Nam ","https://www.google.com/maps/place/Nh%C3%A0+thi+%C4%91%E1%BA%A5u+T%C3%A2y+H%E1%BB%93/@21.063182,105.8036198,17z/data=!3m1!4b1!4m6!3m5!1s0x3135aadde0f23a3d:0xc81eb07f52e8cf56!8m2!3d21.063182!4d105.8036198!16s%2Fg%2F11c2lc7x2w?hl=vi&entry=ttu&g_ep=EgoyMDI2MDkzMC4wIKXMDSoASAFQAw%3D%3D","Matched named sports facility and its address/campus. Coordinate identifies the shared facility, not an individual court."
"VN_1899","Sân Bóng Chuyền Cung Điền Kinh Mỹ Đình","21.0289775","105.7630018","Cung Thể Thao Điền Kinh","Cung Thể Thao Điền Kinh
Cung Thể Thao Điền Kinh
4,3
Tổ hợp thể thao ·  · Trần Hữu Dực
Mở cả ngày · +84 28 7305 1488

Đường đi","https://www.google.com/maps/place/Cung+Th%E1%BB%83+Thao+%C4%90i%E1%BB%81n+Kinh/data=!4m7!3m6!1s0x313454bc910c584b:0x2c2f686cfbc6dfb2!8m2!3d21.0289775!4d105.7630018!16s%2Fg%2F121gdclc!19sChIJS1gMkbxUNDERst_G-2xoLyw?authuser=0&hl=vi&g_ep=EgoyMDI2MDkzMC4wIJJjKgBIAVAD&rclk=1","Matched named sports facility and its address/campus. Coordinate identifies the shared facility, not an individual court."
"VN_1900","Sân Bóng Chuyền Trung Tâm Thể Thao ĐH Bách Khoa","21.0035324","105.8470866","Nhà thi đấu Bách Khoa","Nhà thi đấu Bách Khoa
Nhà thi đấu Bách Khoa
4,2
Tổ hợp thể thao · 2R3W+CR8, P. Tạ Quang Bửu
Đang mở cửa · Đóng cửa vào 0:00 · +84 943 409 386

Đường đi","https://www.google.com/maps/place/Nh%C3%A0+thi+%C4%91%E1%BA%A5u+B%C3%A1ch+Khoa/data=!4m7!3m6!1s0x3135ac743dae7553:0xacb8a162dfb838dc!8m2!3d21.0035324!4d105.8470866!16s%2Fg%2F11bw5vxz9j!19sChIJU3WuPXSsNTER3Di432KhuKw?authuser=0&hl=vi&g_ep=EgoyMDI2MDkzMC4wIJJjKgBIAVAD&rclk=1","Matched named sports facility and its address/campus. Coordinate identifies the shared facility, not an individual court."
"VN_1901","Sân Bóng Chuyền Nhà Thi Đấu Gia Lâm","21.0181995","105.9439141","Nhà thi đấu Gia Lâm","Địa chỉ: 453 Nguyễn Đức Thuận, Gia Lâm, Hà Nội, Việt Nam ","https://www.google.com/maps/place/Nh%C3%A0+thi+%C4%91%E1%BA%A5u+Gia+L%C3%A2m/@21.0181995,105.9439141,17z/data=!3m1!4b1!4m6!3m5!1s0x3135a96d57466dd3:0x84f058e3ba736ad5!8m2!3d21.0181995!4d105.9439141!16s%2Fg%2F11bcclxw1k?hl=vi&entry=ttu&g_ep=EgoyMDI2MDkzMC4wIKXMDSoASAFQAw%3D%3D","Matched named sports facility and its address/campus. Coordinate identifies the shared facility, not an individual court."
"VN_1902","Sân Bóng Chuyền Nhà Thi Đấu Hà Đông","20.9675348","105.7708422","Nhà thi đấu Hà Đông","Nhà thi đấu Hà Đông
Nhà thi đấu Hà Đông
5,0
Câu lạc bộ thể thao · XQ9C+288

Đường đi","https://www.google.com/maps/place/Nh%C3%A0+thi+%C4%91%E1%BA%A5u+H%C3%A0+%C4%90%C3%B4ng/data=!4m7!3m6!1s0x3134530046c1ce33:0x1dbf95e41de8cc!8m2!3d20.9675348!4d105.7708422!16s%2Fg%2F11zc4l20lj!19sChIJM87BRgBTNDERzOgd5JW_HQA?authuser=0&hl=vi&g_ep=EgoyMDI2MDkzMC4wIJJjKgBIAVAD&rclk=1","Matched named sports facility and its address/campus. Coordinate identifies the shared facility, not an individual court."
"VN_1903","Sân Bóng Chuyền Nhà Thi Đấu Rạch Miễu","10.7961419","106.6871658","Trung tâm Thể dục Thể thao Rạch Miễu","Địa chỉ: 1 Đ. Hoa Phượng, Cầu Kiệu, Hồ Chí Minh 72210, Việt Nam ","https://www.google.com/maps/place/Trung+t%C3%A2m+Th%E1%BB%83+d%E1%BB%A5c+Th%E1%BB%83+thao+R%E1%BA%A1ch+Mi%E1%BB%85u/@10.7961419,106.6871658,17z/data=!3m1!4b1!4m6!3m5!1s0x317528d1ef20afdf:0xf8df1b324187b6e8!8m2!3d10.7961419!4d106.6871658!16s%2Fg%2F11g8z1_b_v?hl=vi&entry=ttu&g_ep=EgoyMDI2MDkzMC4wIKXMDSoASAFQAw%3D%3D","Matched named sports facility and its address/campus. Coordinate identifies the shared facility, not an individual court."
"VN_1904","Sân Bóng Chuyền Trung Tâm TDTT Tân Bình","10.795179","106.6537551","Trung tâm Văn hóa - Thể thao quận Tân Bình","Trung tâm Văn hóa - Thể thao quận Tân Bình
Trung tâm Văn hóa - Thể thao quận Tân Bình
4,2
Trung tâm văn hoá ·  · 448 Đ. Hoàng Văn Thụ
Đã đóng cửa · Mở cửa lúc 9:00 CN · +84 28 3844 0091

Trang web

Đường đi","https://www.google.com/maps/place/Trung+t%C3%A2m+V%C4%83n+h%C3%B3a+-+Th%E1%BB%83+thao+qu%E1%BA%ADn+T%C3%A2n+B%C3%ACnh/data=!4m7!3m6!1s0x31752ecb43544e11:0xd019b47b883b033b!8m2!3d10.795179!4d106.6537551!16s%2Fg%2F11b67q0h15!19sChIJEU5UQ8sudTEROwM7iHu0GdA?authuser=0&hl=vi&g_ep=EgoyMDI2MDkzMC4wIJJjKgBIAVAD&rclk=1","Matched named sports facility and its address/campus. Coordinate identifies the shared facility, not an individual court."
"VN_1905","Sân Bóng Chuyền CLB Thể Thao Nguyễn Du","10.7733142","106.6936454","Clb Văn Hóa Tdtt Nguyễn Du","Clb Văn Hóa Tdtt Nguyễn Du
Clb Văn Hóa Tdtt Nguyễn Du
4,2
Câu lạc bộ thể thao · 116 Nguyễn Du
+84 28 3824 5918

Đường đi","https://www.google.com/maps/place/Clb+V%C4%83n+H%C3%B3a+Tdtt+Nguy%E1%BB%85n+Du/data=!4m7!3m6!1s0x31752f395564c97f:0x660954888b3b53ad!8m2!3d10.7733142!4d106.6936454!16s%2Fg%2F1pp2v1svc!19sChIJf8lkVTkvdTERrVM7i4hUCWY?authuser=0&hl=vi&g_ep=EgoyMDI2MDkzMC4wIJJjKgBIAVAD&rclk=1","Matched named sports facility and its address/campus. Coordinate identifies the shared facility, not an individual court."
"VN_1906","Sân Bóng Chuyền Trung Tâm TDTT Hoa Lư","10.7879361","106.7015942","Trung tâm Thể dục Thể thao Hoa Lư","Địa chỉ: 2 Đinh Tiên Hoàng, Sài Gòn, Hồ Chí Minh, Việt Nam ","https://www.google.com/maps/place/Trung+t%C3%A2m+Th%E1%BB%83+d%E1%BB%A5c+Th%E1%BB%83+thao+Hoa+L%C6%B0/@10.7879361,106.7015942,17z/data=!3m1!4b1!4m6!3m5!1s0x31752f4ac0282147:0x5e20fe3a05eb7bcf!8m2!3d10.7879361!4d106.7015942!16s%2Fg%2F11hzxvm76v?hl=vi&entry=ttu&g_ep=EgoyMDI2MDkzMC4wIKXMDSoASAFQAw%3D%3D","Matched named sports facility and its address/campus. Coordinate identifies the shared facility, not an individual court."
"VN_1909","Sân Bóng Chuyền Nhà Thi Đấu Quân Khu 5 Đà Nẵng","16.0466937","108.215275","Nhà thi đấu Quân khu 5","Nhà thi đấu Quân khu 5
Nhà thi đấu Quân khu 5
4,3
Tổ hợp thể thao ·  · 7 Duy Tân
+84 236 3615 319

Đường đi","https://www.google.com/maps/place/Nh%C3%A0+thi+%C4%91%E1%BA%A5u+Qu%C3%A2n+khu+5/data=!4m7!3m6!1s0x314219a2e921d85b:0x20d5813052837522!8m2!3d16.0466937!4d108.215275!16s%2Fg%2F11fknwtl6p!19sChIJW9gh6aIZQjERInWDUjCB1SA?authuser=0&hl=vi&g_ep=EgoyMDI2MDkzMC4wIJJjKgBIAVAD&rclk=1","Matched named sports facility and its address/campus. Coordinate identifies the shared facility, not an individual court."
"VN_1912","Sân Bóng Chuyền Nhà Thi Đấu Tỉnh Ninh Bình","20.2674289","105.9742938","Nhà Thi Đấu Thể Dục Thể Thao Tỉnh Ninh Bình","Địa chỉ: 7X8F+XPF, Đinh Tiên Hoàng, Hoa Lư, Ninh Bình, Việt Nam ","https://www.google.com/maps/place/Nh%C3%A0+Thi+%C4%90%E1%BA%A5u+Th%E1%BB%83+D%E1%BB%A5c+Th%E1%BB%83+Thao+T%E1%BB%89nh+Ninh+B%C3%ACnh/@20.2674289,105.9742938,17z/data=!3m1!4b1!4m6!3m5!1s0x31367759cc92b38b:0x4dd0f3ff63ffe09f!8m2!3d20.2674289!4d105.9742938!16s%2Fg%2F1hc2c3r8t?hl=vi&entry=ttu&g_ep=EgoyMDI2MDkzMC4wIKXMDSoASAFQAw%3D%3D","Matched named sports facility and its address/campus. Coordinate identifies the shared facility, not an individual court."
